Workbook
Name bank_bloom: '[1]Bloomberg Codes'!$N$2:$U$23
Name date_cds: OFFSET(#REF!,0,0,1,COUNTA(#REF!))
Name date_fx: OFFSET(#REF!,0,0,1,COUNTA(#REF!))
Name date_lookup: '[1]Sovereign Indicators'!$C$1
Name date_stock: OFFSET(#REF!,0,0,1,COUNTA(#REF!))
Name graph_cds_change: OFFSET(#REF!,0,0,1,COUNTA(#REF!))
Name graph_cds_level: OFFSET(#REF!,0,0,1,COUNTA(#REF!))
Name graph_fx_change: OFFSET(#REF!,0,0,1,COUNTA(#REF!))
Name graph_stock_change: OFFSET(#REF!,0,0,1,COUNTA(#REF!))
Name IQ_CH: 110000
Name IQ_CQ: 5000
Name IQ_CY: 10000
Name IQ_DAILY: 500000
Name IQ_FH: 100000
Name IQ_FQ: 500
Name IQ_FY: 1000
Name IQ_LTM: 2000
Name IQ_MONTH: 15000
Name IQ_NTM: 6000
Name IQ_WEEK: 50000
Name IQ_YTD: 3000
Name sov_bloom: '[1]Bloomberg Codes'!$A$3:$J$43

Sheet _CIQHiddenCacheSheet
A1: 129 | B1: BAABTAVMT0NBTAFI/////wFQtwQAACRDSVEuSVFUMzEzMzEwMTg0LklRX0NEU19NSUQuMjQvMDcvMjYBAAAAYEQ+AAIAAAAGMTEuMDM0AE4Oc4LZ694I0lFFsNnr3ggjQ0lRLklRVDQ2MjE0ODc5LklRX0NEU19NSUQuMjQvMDcvMjYBAAAA9Ro3AAIAAAAHNTAuOTIyMQCAg3OC2eveCNJRRbDZ694II0NJUS5JUVQ0NjQ3MDg3Ny5JUV9DRFNfTUlELjI0LzA3LzI2AQAAAEI3BwACAAAABzU5LjQxODYA575zgtnr3gingkaw2eveCCRDSVEuSVFUMzEzMzEwODU0LklRX0NEU19NSUQuMjQvMDcvMjYBAAAAr1QNAAIAAAAHNjEuNjY2NwDW7+yB2eveCGrnRrDZ694II0NJUS5JUVQ0NjIxNDk1NC5JUV9DRFNfTUlELjI2LzA3LzI2AQAAADo9OQECAAAABjE0LjQyOQB9XHOC2eveCProWLDZ694II0NJUS5JUVQ0NjIwODYzNC5JUV9DRFNfTUlELjI2LzA3LzI2AQAAAAMfwgACAAAABzIzLjMyNTEAcJdzgtnr3giNTFmw2eveCCNDSVEuSVFUNDYyMjUwODMuSVFfQ0RTX01JRC4yNi8wNy8yNgEAAABWRAYAAgAAAAIzNwCaDXSC2eveCMnBWbDZ694II0NJUS5JUVQ0NjIwMzcxNC5JUV9DRFNfTUlELjI1LzA3LzI2AQAAAF8FNQACAAAABzMxLjc1NjMATDVzgtnr3giXE0Sw2eveCCNDSVEuSVFUNzk2Mzk5NTMuSVFfQ0RTX01JRC4yNS8wNy8yNgEAAAA0m1YBAgAAAAcyNC44ODcxAHCXc4LZ694IlxNEsNnr3ggkQ0lRLklR | C1: VDUyODkzNjgxMi5JUV9DRFNfTUlELjI1LzA3LzI2AQAAAGxbBgACAAAABzQ4LjI5OTcAkuZzgtnr3gjSUUWw2eveCCNDSVEuSVFUNDYxOTcxMzguSVFfQ0RTX01JRC4yMy8wNy8yNgEAAADulDgBAgAAAAgxMjUuNDM5OQBODnOC2eveCDgMR7DZ694II0NJUS5JUVQ1MTAyMzQ4MC5JUV9DRFNfTUlELjIzLzA3LzI2AQAAAMJF8QECAAAABjQuNjgzNwCAg3OC2eveCElaR7DZ694II0NJUS5JUVQ0NjIwNDk1Ny5JUV9DRFNfTUlELjIzLzA3LzI2AQAAACEVBgACAAAABzU1Ljc2NDQA575zgtnr3gj/1Uew2eveCCNDSVEuSVFUNjIyNzAxMDYuSVFfQ0RTX01JRC4yMy8wNy8yNgEAAACtd4MAAgAAAAc3NS4yMDM1AMzI7IHZ694Ikv9HsNnr3ggjQ0lRLklRVDc5NjQwMDI0LklRX0NEU19NSUQuMTQvMDcvMjYBAAAANY+bAQIAAAAFNy44NzUAfVxzgtnr3gjZBFSw2eveCCRDSVEuSVFUMzEzMzA1ODc5LklRX0NEU19NSUQuMTQvMDcvMjYBAAAAhNbcAQIAAAAGMi4zMzM0AHCXc4LZ694IYlRUsNnr3ggjQ0lRLklRVDQ2MjAwNDEyLklRX0NEU19NSUQuMTQvMDcvMjYBAAAAY0MGAAIAAAAHNDYuMjEwNQCaDXSC2eveCOe4VLDZ694II0NJUS5JUVQ0NjIwMzMzMi5JUV9DRFNfTUlELjI3LzA0LzI2AQAAAF8eNwACAAAABzEyLjgzMzMATDVzgtnr3ggWfVaw2eveCCNDSVEuSVFUNDYyNjIzNzguSVFfQ0RTX01JRC4xOS8w | D1: Ny8yNgEAAABA0okBAgAAAAYxOC4zNzUAfVxzgtnr3gi5Y0iw2eveCCRDSVEuSVFUMjg2MDk2MTMxLklRX0NEU19NSUQuMjcvMDcvMjYBAAAAO/EEAAIAAAAHNjAuOTA0NwCS5nOC2eveCKNzWLDZ694II0NJUS5JUVQ0NjQ3MDg3Ny5JUV9DRFNfTUlELjIzLzA3LzI2AQAAAEI3BwACAAAABzU4LjQxMzkA575zgtnr3gj/1Uew2eveCCNDSVEuSVFUNDYxOTcxMzguSVFfQ0RTX01JRC4yMi8wNy8yNgEAAADulDgBAgAAAAgxMjAuNzM5NABODnOC2eveCLljSLDZ694II0NJUS5JUVQ2MjI3MDEwNi5JUV9DRFNfTUlELjIyLzA3LzI2AQAAAK13gwACAAAABzc1LjIwNzQA1u/sgdnr3ggYoEqw2eveCCNDSVEuSVFUNDYyMTY5ODYuSVFfQ0RTX01JRC4yMS8wNy8yNgEAAADORDgBAwAAAAAAcJdzgtnr3gjhekuw2eveCCRDSVEuSVFUMzEzMzE1NDI5LklRX0NEU19NSUQuMTMvMDcvMjYBAAAAOecFAAIAAAAHNjIuMzMzMwDW7+yB2eveCJ4tVrDZ694IJENJUS5JUVQyODYwOTYxMzEuSVFfQ0RTX01JRC4yNC8wNy8yNgEAAAA78QQAAgAAAAc2MC45MDQ3AJLmc4LZ694IyqlGsNnr3ggjQ0lRLklRVDQ2MjIzNjQ2LklRX0NEU19NSUQuMjYvMDcvMjYBAAAAG3gEAAIAAAAHNDkuOTM1NADnvnOC2eveCFx0WbDZ694II0NJUS5JUVQ0NjQ3MDg3Ny5JUV9DRFNfTUlELjE0LzA3LzI2AQAAAEI3BwACAAAABzU2Ljc0MTEA575z | E1: gtnr3gigk1Sw2eveCCNDSVEuSVFUNDYyMDQ5NTcuSVFfQ0RTX01JRC4xNy8wNy8yNgEAAAAhFQYAAgAAAAc1NS4yNjQxAOe+c4LZ694IrQhQsNnr3ggjQ0lRLklRVDQ2MjI2MTMyLklRX0NEU19NSUQuMjcvMDcvMjUBAAAA3VkAAAIAAAAHNDYuMDM0NwCS5nOC2eveCOAkTrDZ694II0NJUS5JUVQ0NjE5NjIyNS5JUV9DRFNfTUlELjI2LzA3LzI2AQAAAL5VowECAAAABzE3LjU1MjQATDVzgtnr3gjvwViw2eveCCNDSVEuSVFUNDYyMjA4MDMuSVFfQ0RTX01JRC4yMC8wNy8yNgEAAADWyTYAAgAAAAc0My4wMjc1AOe+c4LZ694IfEpPsNnr3ggjQ0lRLklRVDQ2MTk0OTk1LklRX0NEU19NSUQuMTYvMDcvMjYBAAAAbhAxAAIAAAAEMTAuOQBMNXOC2eveCG3NULDZ694II0NJUS5JUVQ0NjIyMjI5Mi5JUV9DRFNfTUlELjE2LzA3LzI2AQAAANGRmwECAAAACDc2MC41NzIzAICDc4LZ694I9JdRsNnr3ggjQ0lRLklRVDQ2MjI1MDA2LklRX0NEU19NSUQuMTYvMDcvMjYBAAAA+FUNAAIAAAAHNDIuNTQzOACS5nOC2eveCIENUrDZ694II0NJUS5JUVQ0NjIyMDMyOS5JUV9DRFNfTUlELjE2LzA3LzI2AQAAANtbAAACAAAAAjU2ANbv7IHZ694IlFtSsNnr3ggjQ0lRLklRVDQ2MjYyMzc4LklRX0NEU19NSUQuMTMvMDcvMjYBAAAAQNKJAQIAAAAHMTcuODMzMwB9XHOC2eveCBVVVbDZ694II0NJUS5JUVQ0NjE5NzY5NC5J | F1: UV9DRFNfTUlELjEzLzA3LzI2AQAAAAf6BQACAAAABzUyLjA1MjEA575zgtnr3gg+ylWw2eveCCNDSVEuSVFUNjIyNzAxMDcuSVFfQ0RTX01JRC4xMy8wNy8yNgEAAAAVWQAAAgAAAAc0MS4yNTE4AJoNdILZ694Ini1WsNnr3ggjQ0lRLklRVDQ2MjA3MzA4LklRX0NEU19NSUQuMjcvMDcvMjYBAAAAOYl6AQIAAAAHMTQuNTYyNQBMNXOC2eveCMuvV7DZ694II0NJUS5JUVQ0NjIxMDAzMi5JUV9DRFNfTUlELjI3LzA3LzI2AQAAAI9VowECAAAABzM4LjE5NDUAcJdzgtnr3ggp/1ew2eveCCNDSVEuSVFUNDYyMjUzNzQuSVFfQ0RTX01JRC4yNy8wNy8yNgEAAAC11gUAAgAAAAczOS41NTQ0AJLmc4LZ694Io3NYsNnr3ggjQ0lRLklRVDQ5NzUxMTk2LklRX0NEU19NSUQuMjQvMDcvMjYBAAAAzZm9AAIAAAAHNDAuNTcwNgBODnOC2eveCNJRRbDZ694II0NJUS5JUVQ2MDM4OTUxNi5JUV9DRFNfTUlELjI0LzA3LzI2AQAAAKXwwwECAAAABjcuMjQ3MQCAg3OC2eveCNJRRbDZ694IJENJUS5JUVQzMjM2ODAxMzAuSVFfQ0RTX01JRC4yNC8wNy8yNgEAAABx4QIAAgAAAAc1Mi40OTM4AJLmc4LZ694Ip4JGsNnr3ggkQ0lRLklRVDMxMzMxNTQyOS5JUV9DRFNfTUlELjI0LzA3LzI2AQAAADnnBQACAAAABzYyLjUwNjcA1u/sgdnr3ghq50aw2eveCCNDSVEuSVFUNDYyMDY3NzkuSVFfQ0RTX01JRC4yNi8wNy8yNgEAAAD8 | G1: 7zYAAgAAAAcxNi40NzI2AH1cc4LZ694I+uhYsNnr3ggjQ0lRLklRVDQ2MjE4Njc0LklRX0NEU19NSUQuMjYvMDcvMjYBAAAAV8o2AAIAAAAIMTM0LjQxMzIA575zgtnr3ghcdFmw2eveCCNDSVEuSVFUNDYyMjU3MTUuSVFfQ0RTX01JRC4yNi8wNy8yNgEAAAC35QQAAgAAAAc0My40NjE1AJoNdILZ694IycFZsNnr3ggjQ0lRLklRVDQ2MjA0ODg0LklRX0NEU19NSUQuMjUvMDcvMjYBAAAAgVHAAQIAAAAHMjkuODMzMwBMNXOC2eveCJcTRLDZ694II0NJUS5JUVQ0NjIwNzc4OS5JUV9DRFNfTUlELjI1LzA3LzI2AQAAACpYowECAAAABzI3LjExMjMAcJdzgtnr3giXE0Sw2eveCCRDSVEuSVFUMjg2MDk2MTMxLklRX0NEU19NSUQuMjUvMDcvMjYBAAAAO/EEAAIAAAAHNjAuOTA0NwCS5nOC2eveCNJRRbDZ694II0NJUS5JUVQ0NjIxMDU2MC5JUV9DRFNfTUlELjIzLzA3LzI2AQAAAPYaNwACAAAABzg4Ljk0MDQATg5zgtnr3gg4DEew2eveCCNDSVEuSVFUNDYyMTk5MjIuSVFfQ0RTX01JRC4yMy8wNy8yNgEAAADWRzkBAgAAAAQ3LjI1AICDc4LZ694IUoFHsNnr3ggjQ0lRLklRVDQ2MjIzNjQ2LklRX0NEU19NSUQuMjMvMDcvMjYBAAAAG3gEAAIAAAAHNDkuNzY5MwDnvnOC2eveCP/VR7DZ694IJENJUS5JUVQzMTMzMTQ5NzYuSVFfQ0RTX01JRC4yMy8wNy8yNgEAAABtSgAAAgAAAAc1OC4xNjU5ANbv7IHZ694I | H1: kv9HsNnr3ggjQ0lRLklRVDQ2MjE4NTE2LklRX0NEU19NSUQuMTQvMDcvMjYBAAAAplWjAQIAAAAHMzUuODgxNgB9XHOC2eveCNkEVLDZ694II0NJUS5JUVQ0NjIyMDgwMy5JUV9DRFNfTUlELjE0LzA3LzI2AQAAANbJNgACAAAABzQxLjk5ODcA575zgtnr3ghiVFSw2eveCCNDSVEuSVFUNDYyMDAzNjQuSVFfQ0RTX01JRC4xNC8wNy8yNgEAAABXhggAAgAAAAUyNS4wMgCaDXSC2eveCAXgVLDZ694II0NJUS5JUVQ0NjIwNDMwMC5JUV9DRFNfTUlELjI3LzA0LzI2AQAAAPYlfQACAAAABjkuMDY2NABMNXOC2eveCBZ9VrDZ694II0NJUS5JUVQ2MDM4ODA1Ny5JUV9DRFNfTUlELjI3LzA0LzI2AQAAAN/JfQEDAAAAAABwl3OC2eveCAPLVrDZ694II0NJUS5JUVQ0NjE5OTg0MS5JUV9DRFNfTUlELjI3LzA0LzI2AQAAAOswBgADAAAAAACS5nOC2eveCG8jV7DZ694IJENJUS5JUVQzMTMzMTAxODQuSVFfQ0RTX01JRC4yMi8wNy8yNgEAAABgRD4AAgAAAAcxMS4wMDE1AE4Oc4LZ694IuWNIsNnr3ggjQ0lRLklRVDQ2MjE0ODc5LklRX0NEU19NSUQuMjIvMDcvMjYBAAAA9Ro3AAIAAAAHNTAuOTI3NQCAg3OC2eveCN4CSrDZ694II0NJUS5JUVQ0NjQ3MDg3Ny5JUV9DRFNfTUlELjIyLzA3LzI2AQAAAEI3BwACAAAABzU3LjQ2NzMA575zgtnr3ghlUUqw2eveCCRDSVEuSVFUMzEzMzEwODU0LklRX0NEU19NSUQuMjIv | I1: MDcvMjYBAAAAr1QNAAIAAAAENjEuNQDW7+yB2eveCCPHSrDZ694II0NJUS5JUVQ0NjIxNDk1NC5JUV9DRFNfTUlELjE3LzA3LzI2AQAAADo9OQECAAAABDE0LjQAfVxzgtnr3gitCFCw2eveCCNDSVEuSVFUNDYyMDg2MzQuSVFfQ0RTX01JRC4xNy8wNy8yNgEAAAADH8IAAgAAAAYyMi44MjUAcJdzgtnr3gitCFCw2eveCCNDSVEuSVFUNDYyMjUwODMuSVFfQ0RTX01JRC4xNy8wNy8yNgEAAABWRAYAAgAAAAQzNi41AJoNdILZ694Ibc1QsNnr3ggjQ0lRLklRVDQ2MjAzNzE0LklRX0NEU19NSUQuMTUvMDcvMjYBAAAAXwU1AAIAAAAHMzEuMTYwOQBMNXOC2eveCGCqUrDZ694II0NJUS5JUVQ3OTYzOTk1My5JUV9DRFNfTUlELjE1LzA3LzI2AQAAADSbVgECAAAABzI0Ljk1NDgAcJdzgtnr3ggfDVOw2eveCCRDSVEuSVFUNTI4OTM2ODEyLklRX0NEU19NSUQuMTUvMDcvMjYBAAAAbFsGAAIAAAAHNDcuMjU0MQCS5nOC2eveCHxoU7DZ694II0NJUS5JUVQ0NjE5NzEzOC5JUV9DRFNfTUlELjI3LzA3LzI1AQAAAO6UOAECAAAACDE0OC4zODc4AE4Oc4LZ694I/ElNsNnr3ggjQ0lRLklRVDUxMDIzNDgwLklRX0NEU19NSUQuMjcvMDcvMjUBAAAAwkXxAQIAAAAGNy44NDI3AICDc4LZ694Izb9NsNnr3ggjQ0lRLklRVDQ2MjA0OTU3LklRX0NEU19NSUQuMjcvMDcvMjUBAAAAIRUGAAIAAAAHNTcuNDMyMwDnvnOC2eve | J1: COAkTrDZ694II0NJUS5JUVQ2MjI3MDEwNi5JUV9DRFNfTUlELjI3LzA3LzI1AQAAAK13gwACAAAABzc3LjEwNDUA1u/sgdnr3gi5iE6w2eveCCNDSVEuSVFUNzk2NDAwMjQuSVFfQ0RTX01JRC4yMS8wNy8yNgEAAAA1j5sBAgAAAAY3LjgzMzMAfVxzgtnr3ghAFUuw2eveCCRDSVEuSVFUMzEzMzA1ODc5LklRX0NEU19NSUQuMjEvMDcvMjYBAAAAhNbcAQIAAAAGMi4zMzM0AHCXc4LZ694I4XpLsNnr3ggjQ0lRLklRVDQ2MjAwNDEyLklRX0NEU19NSUQuMjEvMDcvMjYBAAAAY0MGAAIAAAAHNDQuODUxMwCaDXSC2eveCK3SS7DZ694II0NJUS5JUVQ0NjIwMzMzMi5JUV9DRFNfTUlELjIwLzA3LzI2AQAAAF8eNwACAAAABzExLjE2NjcATDVzgtnr3ggd1k6w2eveCCNDSVEuSVFUNDYyMTUxMTEuSVFfQ0RTX01JRC4yMC8wNy8yNgEAAACgS7IBAgAAAAczNy41MDM2AHCXc4LZ694IcCNPsNnr3ggjQ0lRLklRVDQ2MjI2MTMyLklRX0NEU19NSUQuMjAvMDcvMjYBAAAA3VkAAAIAAAAHNDQuMjUxMQCS5nOC2eveCPt3T7DZ694IJENJUS5JUVQzMTMzMTM1MjQuSVFfQ0RTX01JRC4yMC8wNy8yNgEAAADvVQ0AAgAAAAc1OS45NzU0ANbv7IHZ694IDKNPsNnr3ggjQ0lRLklRVDc5NjM5OTEzLklRX0NEU19NSUQuMTkvMDcvMjYBAAAAIGMcAgIAAAAFOC4xMjUAfVxzgtnr3gi5Y0iw2eveCCNDSVEuSVFUNDYyMDc4NzIu | K1: SVFfQ0RTX01JRC4xOS8wNy8yNgEAAABYDQoAAgAAAAc0MC44MDMyAOe+c4LZ694IuWNIsNnr3ggjQ0lRLklRVDQ2MjAwMzE3LklRX0NEU19NSUQuMTkvMDcvMjYBAAAA/lQNAAIAAAAHNjMuNjUzMwDMyOyB2eveCLljSLDZ694IJENJUS5JUVQ2NDQ3MDE3OTcuSVFfQ0RTX01JRC4xOC8wNy8yNgEAAABTP30BAgAAAAcxMC4zODE3AEw1c4LZ694I3klMsNnr3ggjQ0lRLklRVDQ2MjE2OTg2LklRX0NEU19NSUQuMTgvMDcvMjYBAAAAzkQ4AQMAAAAAAHCXc4LZ694IN79MsNnr3ggkQ0lRLklRVDI1NDk1NTIzMy5JUV9DRFNfTUlELjE4LzA3LzI2AQAAADlWCgACAAAABzQzLjMzODYAmg10gtnr3gj9Ik2w2eveCCNDSVEuSVFUNjIyNzAxMDYuSVFfQ0RTX01JRC4xOS8wNy8yNgEAAACtd4MAAgAAAAc3NS4yMTgxANbv7IHZ694IuWNIsNnr3ggjQ0lRLklRVDc5NjQwMDI0LklRX0NEU19NSUQuMTgvMDcvMjYBAAAANY+bAQIAAAAGNy44MzMzAH1cc4LZ694I3klMsNnr3ggkQ0lRLklRVDMxMzMwNTg3OS5JUV9DRFNfTUlELjE4LzA3LzI2AQAAAITW3AECAAAABjIuMzMzNABwl3OC2eveCDe/TLDZ694II0NJUS5JUVQ0NjIwMDQxMi5JUV9DRFNfTUlELjE4LzA3LzI2AQAAAGNDBgACAAAABzQ1LjgzMzMAmg10gtnr3gj9Ik2w2eveCCNDSVEuSVFUNDYyMTAwMzIuSVFfQ0RTX01JRC4yNy8wNC8yNgEAAACPVaMBAgAA | L1: AAczOC4yNTY2AHCXc4LZ694IA8tWsNnr3ggjQ0lRLklRVDQ2MjE5OTIyLklRX0NEU19NSUQuMjcvMDcvMjUBAAAA1kc5AQIAAAAGOS44NjE2AICDc4LZ694Izb9NsNnr3ggjQ0lRLklRVDYyMjcwMTA3LklRX0NEU19NSUQuMjEvMDcvMjYBAAAAFVkAAAIAAAAHNDEuMzM5NQCaDXSC2eveCK3SS7DZ694II0NJUS5JUVQ0NjIxMDAzMi5JUV9DRFNfTUlELjIwLzA3LzI2AQAAAI9VowECAAAABzM2LjY2NjkAcJdzgtnr3gh8Sk+w2eveCCNDSVEuSVFUNDk3NTExOTYuSVFfQ0RTX01JRC4xOS8wNy8yNgEAAADNmb0AAgAAAAc0MS44MzMzAEw1c4LZ694IuWNIsNnr3ggkQ0lRLklRVDMxMzMxNTQyOS5JUV9DRFNfTUlELjE5LzA3LzI2AQAAADnnBQACAAAABzYyLjEyODYA1u/sgdnr3gi5Y0iw2eveCCNDSVEuSVFUNDYyMjUzNzQuSVFfQ0RTX01JRC4xNi8wNy8yNgEAAAC11gUAAgAAAAYzOC40MTUAmg10gtnr3gieNFKw2eveCCNDSVEuSVFUNDYyMTg2NzQuSVFfQ0RTX01JRC4yNy8wNy8yNgEAAABXyjYAAgAAAAgxMzQuNDEzMgDnvnOC2eveCC8mWLDZ694II0NJUS5JUVQ0NjIxODUxNi5JUV9DRFNfTUlELjI1LzA3LzI2AQAAAKZVowECAAAABjM1LjM3OAB9XHOC2eveCJcTRLDZ694II0NJUS5JUVQ2MDM4ODA1Ny5JUV9DRFNfTUlELjIzLzA3LzI2AQAAAN/JfQEDAAAAAABwl3OC2eveCFKBR7DZ694II0NJUS5J | M1: UVQ0NjIyNTA4My5JUV9DRFNfTUlELjI3LzA0LzI2AQAAAFZEBgACAAAABjQ2LjM3NQCaDXSC2eveCKhMV7DZ694IJENJUS5JUVQ1Mjg5MzY4MTIuSVFfQ0RTX01JRC4yMi8wNy8yNgEAAABsWwYAAgAAAAc0Ni45ODQxAJLmc4LZ694ILHlKsNnr3ggkQ0lRLklRVDMxMzMxMzUyNC5JUV9DRFNfTUlELjI3LzA3LzI1AQAAAO9VDQACAAAABzUxLjQ3ODEA1u/sgdnr3gidrU6w2eveCCNDSVEuSVFUNDYyMDc4NzIuSVFfQ0RTX01JRC4yMS8wNy8yNgEAAABYDQoAAgAAAAc0MC44NTk1AOe+c4LZ694I4XpLsNnr3ggkQ0lRLklRVDY0NDcwMTc5Ny5JUV9DRFNfTUlELjIwLzA3LzI2AQAAAFM/fQECAAAABzEwLjUwNzMATDVzgtnr3ggd1k6w2eveCCNDSVEuSVFUNDYyMjQ3NDAuSVFfQ0RTX01JRC4yNi8wNy8yNgEAAADTcggAAgAAAAczNi42MzU0AJLmc4LZ694IOZxZsNnr3ggjQ0lRLklRVDQ2MjI1Mzc0LklRX0NEU19NSUQuMjIvMDcvMjYBAAAAtdYFAAIAAAAHMzguNTg0NQCS5nOC2eveCCx5SrDZ694IJENJUS5JUVQzMTMzMTU0MjkuSVFfQ0RTX01JRC4xNy8wNy8yNgEAAAA55wUAAgAAAAc2Mi4xMjg2ANbv7IHZ694Ibc1QsNnr3ggjQ0lRLklRVDQ2MjA0ODg0LklRX0NEU19NSUQuMjcvMDcvMjUBAAAAgVHAAQIAAAAHNDIuNDA1OABMNXOC2eveCH5yTbDZ694II0NJUS5JUVQ0NjE5NjIyNS5JUV9DRFNfTUlE | N1: LjE2LzA3LzI2AQAAAL5VowECAAAABjE3LjM3NQBMNXOC2eveCG3NULDZ694II0NJUS5JUVQ1MTAyMzI2MC5JUV9DRFNfTUlELjE2LzA3LzI2AQAAALERfwECAAAAAjE0AICDc4LZ694IdL9RsNnr3ggjQ0lRLklRVDQ2MjI0NzQwLklRX0NEU19NSUQuMTYvMDcvMjYBAAAA03IIAAIAAAAFMzUuMDYAkuZzgtnr3giBDVKw2eveCCRDSVEuSVFUMzEzMzE3MzQ0LklRX0NEU19NSUQuMTYvMDcvMjYBAAAA8awBAAIAAAAHNjAuMjE5NQDW7+yB2eveCJRbUrDZ694II0NJUS5JUVQ0NjIwMDI3Ni5JUV9DRFNfTUlELjEzLzA3LzI2AQAAAJZ3fAECAAAABzI4Ljk2OTMAfVxzgtnr3ggVVVWw2eveCCNDSVEuSVFUNDYxOTU0OTEuSVFfQ0RTX01JRC4xMy8wNy8yNgEAAABpSgAAAgAAAAc1NC4yMjY1AOe+c4LZ694IPspVsNnr3ggjQ0lRLklRVDc5NjM0OTAxLklRX0NEU19NSUQuMTMvMDcvMjYBAAAAnAYQAAIAAAAHNDEuMTQ4MQDMyOyB2eveCJ4tVrDZ694II0NJUS5JUVQ0NjIwNzU3MS5JUV9DRFNfTUlELjI3LzA3LzI2AQAAAG3vNQACAAAABDMwLjUATDVzgtnr3gjLr1ew2eveCCNDSVEuSVFUNDYyMTM0NzIuSVFfQ0RTX01JRC4yNy8wNy8yNgEAAAC5WjgAAgAAAAYxNS40MTIAcJdzgtnr3ggvJliw2eveCCRDSVEuSVFUMjYzMjEzMTMyLklRX0NEU19NSUQuMjcvMDcvMjYBAAAA4ZoIAAIAAAAHNTYuNTM5MQCaDXSC | O1: 2eveCKNzWLDZ694II0NJUS5JUVQ0NjE5NDk5NS5JUV9DRFNfTUlELjI0LzA3LzI2AQAAAG4QMQACAAAABzExLjE4MjQATDVzgtnr3gjSUUWw2eveCCNDSVEuSVFUNDYyMjIyOTIuSVFfQ0RTX01JRC4yNC8wNy8yNgEAAADRkZsBAgAAAAg3NzcuMTYyNACAg3OC2eveCNJRRbDZ694II0NJUS5JUVQ0NjIyNTAwNi5JUV9DRFNfTUlELjI0LzA3LzI2AQAAAPhVDQACAAAABjQ0LjcxMgCS5nOC2eveCMqpRrDZ694II0NJUS5JUVQ0NjIyMDMyOS5JUV9DRFNfTUlELjI0LzA3LzI2AQAAANtbAAACAAAABjU2LjY3NADW7+yB2eveCDgMR7DZ694II0NJUS5JUVQ0NjI2MjM3OC5JUV9DRFNfTUlELjI2LzA3LzI2AQAAAEDSiQECAAAAAjE4AH1cc4LZ694I+uhYsNnr3ggjQ0lRLklRVDQ2MTk3Njk0LklRX0NEU19NSUQuMjYvMDcvMjYBAAAAB/oFAAIAAAAHNTMuOTg2OADnvnOC2eveCFx0WbDZ694II0NJUS5JUVQ2MjI3MDEwNy5JUV9DRFNfTUlELjI2LzA3LzI2AQAAABVZAAACAAAABzQyLjQxMTUAmg10gtnr3gjJwVmw2eveCCNDSVEuSVFUNDYyMDczMDguSVFfQ0RTX01JRC4yNS8wNy8yNgEAAAA5iXoBAgAAAAcxNC41NjI1AEw1c4LZ694IlxNEsNnr3ggjQ0lRLklRVDQ2MjEwMDMyLklRX0NEU19NSUQuMjUvMDcvMjYBAAAAj1WjAQIAAAAHMzguMTk0NQBwl3OC2eveCJcTRLDZ694II0NJUS5JUVQ0NjIyNTM3NC5J | P1: UV9DRFNfTUlELjI1LzA3LzI2AQAAALXWBQACAAAABzM5LjU1NDQAkuZzgtnr3gjSUUWw2eveCCNDSVEuSVFUNDk3NTExOTYuSVFfQ0RTX01JRC4yMy8wNy8yNgEAAADNmb0AAgAAAAU0MC43NQBMNXOC2eveCDgMR7DZ694II0NJUS5JUVQ2MDM4OTUxNi5JUV9DRFNfTUlELjIzLzA3LzI2AQAAAKXwwwECAAAABjcuMjQyOQCAg3OC2eveCFKBR7DZ694IJENJUS5JUVQzMjM2ODAxMzAuSVFfQ0RTX01JRC4yMy8wNy8yNgEAAABx4QIAAgAAAAc1Mi4xMjAyAJLmc4LZ694I/9VHsNnr3ggkQ0lRLklRVDMxMzMxNTQyOS5JUV9DRFNfTUlELjIzLzA3LzI2AQAAADnnBQACAAAABzYyLjUwMzUA1u/sgdnr3giS/0ew2eveCCNDSVEuSVFUNDYyMDY3NzkuSVFfQ0RTX01JRC4xNC8wNy8yNgEAAAD87zYAAgAAAAQxNi41AH1cc4LZ694I4ytUsNnr3ggjQ0lRLklRVDQ2MjE4Njc0LklRX0NEU19NSUQuMTQvMDcvMjYBAAAAV8o2AAIAAAAIMTI0Ljg1OTIA575zgtnr3ghiVFSw2eveCCNDSVEuSVFUNDYyMjU3MTUuSVFfQ0RTX01JRC4xNC8wNy8yNgEAAAC35QQAAgAAAAc0My4xOTcxAJoNdILZ694IBeBUsNnr3ggjQ0lRLklRVDQ2MjA0ODg0LklRX0NEU19NSUQuMjcvMDQvMjYBAAAAgVHAAQIAAAAHMzEuMTYzMwBMNXOC2eveCBZ9VrDZ694II0NJUS5JUVQ0NjIwNzc4OS5JUV9DRFNfTUlELjI3LzA0LzI2AQAAACpYowEC | Q1: AAAABzI3LjE1ODMAcJdzgtnr3ggDy1aw2eveCCRDSVEuSVFUMjg2MDk2MTMxLklRX0NEU19NSUQuMjcvMDQvMjYBAAAAO/EEAAIAAAAHNjkuODcyOQCS5nOC2eveCG8jV7DZ694II0NJUS5JUVQ0NjIxMDU2MC5JUV9DRFNfTUlELjIyLzA3LzI2AQAAAPYaNwACAAAABzg1Ljg3NDcATg5zgtnr3gi5Y0iw2eveCCNDSVEuSVFUNDYyMTk5MjIuSVFfQ0RTX01JRC4yMi8wNy8yNgEAAADWRzkBAgAAAAU2LjcwMwCAg3OC2eveCN4CSrDZ694II0NJUS5JUVQ0NjIyMzY0Ni5JUV9DRFNfTUlELjIyLzA3LzI2AQAAABt4BAACAAAABzQ5LjEzMzgA575zgtnr3ghlUUqw2eveCCRDSVEuSVFUMzEzMzE0OTc2LklRX0NEU19NSUQuMjIvMDcvMjYBAAAAbUoAAAIAAAAHNTguMTY2NgDW7+yB2eveCCPHSrDZ694II0NJUS5JUVQ0NjIxODUxNi5JUV9DRFNfTUlELjE3LzA3LzI2AQAAAKZVowECAAAABzM1LjQxNzIAfVxzgtnr3gitCFCw2eveCCNDSVEuSVFUNDYyMjA4MDMuSVFfQ0RTX01JRC4xNy8wNy8yNgEAAADWyTYAAgAAAAc0Mi41MDA1AOe+c4LZ694IrQhQsNnr3ggjQ0lRLklRVDQ2MjAwMzY0LklRX0NEU19NSUQuMTcvMDcvMjYBAAAAV4YIAAIAAAAFMjUuMTYAmg10gtnr3ghtzVCw2eveCCNDSVEuSVFUNDYyMDQzMDAuSVFfQ0RTX01JRC4xNS8wNy8yNgEAAAD2JX0AAgAAAAY3LjAxNzEATDVzgtnr3ghgqlKw2eve | R1: CCNDSVEuSVFUNjAzODgwNTcuSVFfQ0RTX01JRC4xNS8wNy8yNgEAAADfyX0BAwAAAAAAcJdzgtnr3ghJEFOw2eveCCNDSVEuSVFUNDYxOTk4NDEuSVFfQ0RTX01JRC4xNS8wNy8yNgEAAADrMAYAAwAAAAAAkuZzgtnr3gh8aFOw2eveCCRDSVEuSVFUMzEzMzEwMTg0LklRX0NEU19NSUQuMjcvMDcvMjUBAAAAYEQ+AAIAAAAHMTUuOTczMgBODnOC2eveCPxJTbDZ694II0NJUS5JUVQ0NjIxNDg3OS5JUV9DRFNfTUlELjI3LzA3LzI1AQAAAPUaNwACAAAABzY1LjYwOTkAgINzgtnr3gjNv02w2eveCCNDSVEuSVFUNDY0NzA4NzcuSVFfQ0RTX01JRC4yNy8wNy8yNQEAAABCNwcAAgAAAAc1NC41MjQyAOe+c4LZ694I4CROsNnr3ggkQ0lRLklRVDMxMzMxMDg1NC5JUV9DRFNfTUlELjI3LzA3LzI1AQAAAK9UDQACAAAABjM5LjE4OQDW7+yB2eveCLmITrDZ694II0NJUS5JUVQ0NjIxNDk1NC5JUV9DRFNfTUlELjIxLzA3LzI2AQAAADo9OQECAAAABDE0LjQAfVxzgtnr3ghAFUuw2eveCCNDSVEuSVFUNDYyMDg2MzQuSVFfQ0RTX01JRC4yMS8wNy8yNgEAAAADH8IAAgAAAAcyMi43MDgzAHCXc4LZ694I4XpLsNnr3ggjQ0lRLklRVDQ2MjI1MDgzLklRX0NEU19NSUQuMjEvMDcvMjYBAAAAVkQGAAIAAAAEMzYuNQCaDXSC2eveCK3SS7DZ694II0NJUS5JUVQ0NjIwMzcxNC5JUV9DRFNfTUlELjIwLzA3LzI2AQAAAF8F | S1: NQACAAAABTMxLjQ1AEw1c4LZ694IHdZOsNnr3ggjQ0lRLklRVDc5NjM5OTUzLklRX0NEU19NSUQuMjAvMDcvMjYBAAAANJtWAQIAAAAHMjQuOTI2MgBwl3OC2eveCHAjT7DZ694IJENJUS5JUVQ1Mjg5MzY4MTIuSVFfQ0RTX01JRC4yMC8wNy8yNgEAAABsWwYAAgAAAAc0Ny44NjAyAJLmc4LZ694IDKNPsNnr3ggjQ0lRLklRVDQ2MTk3MTM4LklRX0NEU19NSUQuMTkvMDcvMjYBAAAA7pQ4AQIAAAAIMTI1LjQ3MzIATg5zgtnr3giS/0ew2eveCCNDSVEuSVFUNTEwMjM0ODAuSVFfQ0RTX01JRC4xOS8wNy8yNgEAAADCRfEBAgAAAAY0Ljc2MjcAgINzgtnr3gi5Y0iw2eveCCNDSVEuSVFUNDYyMDQ5NTcuSVFfQ0RTX01JRC4xOS8wNy8yNgEAAAAhFQYAAgAAAAc1NS4yNjQxAOe+c4LZ694IuWNIsNnr3ggjQ0lRLklRVDQ2MjAzMzMyLklRX0NEU19NSUQuMTYvMDcvMjYBAAAAXx43AAIAAAAHMTEuMzkzOABMNXOC2eveCG3NULDZ694II0NJUS5JUVQ0NjIxNTExMS5JUV9DRFNfTUlELjE2LzA3LzI2AQAAAKBLsgECAAAABzM3LjA3MjkAcJdzgtnr3gh0v1Gw2eveCCNDSVEuSVFUNDYyMjYxMzIuSVFfQ0RTX01JRC4xNi8wNy8yNgEAAADdWQAAAgAAAAc0My4xNDIyAJLmc4LZ694IgQ1SsNnr3ggkQ0lRLklRVDMxMzMxMzUyNC5JUV9DRFNfTUlELjE2LzA3LzI2AQAAAO9VDQACAAAABzYwLjA2ODIA1u/sgdnr3ghO | T1: g1Kw2eveCCNDSVEuSVFUNzk2Mzk5MTMuSVFfQ0RTX01JRC4xMy8wNy8yNgEAAAAgYxwCAgAAAAY3LjkxMjcAgINzgtnr3ggffFWw2eveCCNDSVEuSVFUNDYyMDc4NzIuSVFfQ0RTX01JRC4xMy8wNy8yNgEAAABYDQoAAgAAAAc0MC4wNDY4AOe+c4LZ694IPspVsNnr3ggjQ0lRLklRVDQ2MjAwMzE3LklRX0NEU19NSUQuMTMvMDcvMjYBAAAA/lQNAAIAAAAHNjQuNTQ0NADMyOyB2eveCJ4tVrDZ694IJENJUS5JUVQ2NDQ3MDE3OTcuSVFfQ0RTX01JRC4yNy8wNy8yNgEAAABTP30BAgAAAAY5Ljc2MjgATDVzgtnr3gjLr1ew2eveCCNDSVEuSVFUNDYyMTY5ODYuSVFfQ0RTX01JRC4yNy8wNy8yNgEAAADORDgBAwAAAAAAcJdzgtnr3ggvJliw2eveCCRDSVEuSVFUMjU0OTU1MjMzLklRX0NEU19NSUQuMjcvMDcvMjYBAAAAOVYKAAIAAAAHNDMuNzA1MwCaDXSC2eveCKNzWLDZ694II0NJUS5JUVQ0NjE5NjIyNS5JUV9DRFNfTUlELjI0LzA3LzI2AQAAAL5VowECAAAABzE3LjU1MjQATDVzgtnr3gjSUUWw2eveCCNDSVEuSVFUNTEwMjMyNjAuSVFfQ0RTX01JRC4yNC8wNy8yNgEAAACxEX8BAgAAAAcxNC42ODE2AICDc4LZ694I0lFFsNnr3ggjQ0lRLklRVDQ2MjI0NzQwLklRX0NEU19NSUQuMjQvMDcvMjYBAAAA03IIAAIAAAAHMzYuNjM1NACS5nOC2eveCMqpRrDZ694IJENJUS5JUVQzMTMzMTczNDQuSVFfQ0RT | U1: X01JRC4yNC8wNy8yNgEAAADxrAEAAgAAAAc2MS4yOTI4ANbv7IHZ694IOAxHsNnr3ggjQ0lRLklRVDQ2MjAwMjc2LklRX0NEU19NSUQuMjYvMDcvMjYBAAAAlnd8AQIAAAAHMjkuMjU2MwB9XHOC2eveCL4kWbDZ694II0NJUS5JUVQ0NjE5NTQ5MS5JUV9DRFNfTUlELjI2LzA3LzI2AQAAAGlKAAACAAAABzU2LjQxNTkA575zgtnr3ghcdFmw2eveCCNDSVEuSVFUNzk2MzQ5MDEuSVFfQ0RTX01JRC4yNi8wNy8yNgEAAACcBhAAAgAAAAc0MS4yMTQ2AJoNdILZ694IycFZsNnr3ggjQ0lRLklRVDQ2MjA3NTcxLklRX0NEU19NSUQuMjUvMDcvMjYBAAAAbe81AAIAAAAEMzAuNQBMNXOC2eveCJcTRLDZ694II0NJUS5JUVQ0NjIxMzQ3Mi5JUV9DRFNfTUlELjI1LzA3LzI2AQAAALlaOAACAAAABjE1LjQxMgBwl3OC2eveCJcTRLDZ694IJENJUS5JUVQyNjMyMTMxMzIuSVFfQ0RTX01JRC4yNS8wNy8yNgEAAADhmggAAgAAAAc1Ni41MzkxAJoNdILZ694I0lFFsNnr3ggjQ0lRLklRVDQ2MTk0OTk1LklRX0NEU19NSUQuMjMvMDcvMjYBAAAAbhAxAAIAAAAGMTEuMTYyAEw1c4LZ694IOAxHsNnr3ggjQ0lRLklRVDQ2MjIyMjkyLklRX0NEU19NSUQuMjMvMDcvMjYBAAAA0ZGbAQIAAAAINzcwLjc4OTcAgINzgtnr3ghSgUew2eveCCNDSVEuSVFUNDYyMjUwMDYuSVFfQ0RTX01JRC4yMy8wNy8yNgEAAAD4VQ0AAgAAAAc0 | V1: NC40OTg3AJLmc4LZ694I/9VHsNnr3ggjQ0lRLklRVDQ2MjIwMzI5LklRX0NEU19NSUQuMjMvMDcvMjYBAAAA21sAAAIAAAAHNTYuNjUzNgDW7+yB2eveCJL/R7DZ694II0NJUS5JUVQ0NjI2MjM3OC5JUV9DRFNfTUlELjE0LzA3LzI2AQAAAEDSiQECAAAABDE4LjYAfVxzgtnr3gjjK1Sw2eveCCNDSVEuSVFUNDYxOTc2OTQuSVFfQ0RTX01JRC4xNC8wNy8yNgEAAAAH+gUAAgAAAAc1Mi44MDE2AOe+c4LZ694IWpBUsNnr3ggjQ0lRLklRVDYyMjcwMTA3LklRX0NEU19NSUQuMTQvMDcvMjYBAAAAFVkAAAIAAAAHNDMuNjQzNACaDXSC2eveCAXgVLDZ694II0NJUS5JUVQ0NjIwNzMwOC5JUV9DRFNfTUlELjI3LzA0LzI2AQAAADmJegECAAAABTE1Ljc1AEw1c4LZ694IFn1WsNnr3ggjQ0lRLklRVDQ2MjI1Mzc0LklRX0NEU19NSUQuMjcvMDQvMjYBAAAAtdYFAAIAAAAHNDcuODU2NACaDXSC2eveCG8jV7DZ694IJENJUS5JUVQzMjM2ODAxMzAuSVFfQ0RTX01JRC4yMi8wNy8yNgEAAABx4QIAAgAAAAc1MS41MzkyAJLmc4LZ694IZVFKsNnr3ggjQ0lRLklRVDQ2MjE4NTE2LklRX0NEU19NSUQuMjEvMDcvMjYBAAAAplWjAQIAAAAHMzUuMjQ4MgB9XHOC2eveCEAVS7DZ694II0NJUS5JUVQ0NjIyMDgwMy5JUV9DRFNfTUlELjIxLzA3LzI2AQAAANbJNgACAAAABzQyLjYzMjYA575zgtnr3gjhekuw2eveCCRDSVEu | W1: SVFUMzEzMzEwMTg0LklRX0NEU19NSUQuMTkvMDcvMjYBAAAAYEQ+AAIAAAAHMTEuMDk4NwBODnOC2eveCH5hSLDZ694II0NJUS5JUVQ0NjIyNDc0MC5JUV9DRFNfTUlELjIyLzA3LzI2AQAAANNyCAACAAAAAjM2AJLmc4LZ694ILHlKsNnr3ggjQ0lRLklRVDQ2MTk1NDkxLklRX0NEU19NSUQuMTcvMDcvMjYBAAAAaUoAAAIAAAAHNTUuNjE3NgDnvnOC2eveCK0IULDZ694IJENJUS5JUVQyNjMyMTMxMzIuSVFfQ0RTX01JRC4xNS8wNy8yNgEAAADhmggAAgAAAAc1NS4xMjY3AJoNdILZ694IfGhTsNnr3ggjQ0lRLklRVDQ5NzUxMTk2LklRX0NEU19NSUQuMTMvMDcvMjYBAAAAzZm9AAIAAAAFNDEuNzUATDVzgtnr3ggCLlWw2eveCCNDSVEuSVFUNDYyMDc3ODkuSVFfQ0RTX01JRC4yNC8wNy8yNgEAAAAqWKMBAgAAAAcyNy4xMTIzAHCXc4LZ694I0lFFsNnr3ggjQ0lRLklRVDQ2MjIwODAzLklRX0NEU19NSUQuMjUvMDcvMjYBAAAA1sk2AAIAAAAHNDQuMzkwMwBwl3OC2eveCJcTRLDZ694II0NJUS5JUVQ0NjIxNDg3OS5JUV9DRFNfTUlELjE0LzA3LzI2AQAAAPUaNwACAAAABzUwLjUzNjYAgINzgtnr3gjjK1Sw2eveCCNDSVEuSVFUNDYyMDg2MzQuSVFfQ0RTX01JRC4yNy8wNC8yNgEAAAADH8IAAgAAAAcyOC44Mzc1AHCXc4LZ694IafhWsNnr3ggjQ0lRLklRVDc5NjM5OTUzLklRX0NEU19NSUQuMjIvMDcv | X1: MjYBAAAANJtWAQIAAAAHMjQuOTA5NQBwl3OC2eveCN4CSrDZ694II0NJUS5JUVQ1MTAyMzQ4MC5JUV9DRFNfTUlELjE3LzA3LzI2AQAAAMJF8QECAAAABjQuNzYyNwCAg3OC2eveCK0IULDZ694II0NJUS5JUVQ2MjI3MDEwNi5JUV9DRFNfTUlELjE3LzA3LzI2AQAAAK13gwACAAAABzc1LjIxODEA1u/sgdnr3ghtzVCw2eveCCRDSVEuSVFUMzEzMzA1ODc5LklRX0NEU19NSUQuMTUvMDcvMjYBAAAAhNbcAQIAAAAGMi4zMzM0AHCXc4LZ694ISRBTsNnr3ggjQ0lRLklRVDQ2MjAzMzMyLklRX0NEU19NSUQuMjcvMDcvMjUBAAAAXx43AAIAAAAHMTUuNDk1MgBMNXOC2eveCH5yTbDZ694II0NJUS5JUVQ1MTAyMzI2MC5JUV9DRFNfTUlELjE5LzA3LzI2AQAAALERfwECAAAABzE0LjA0NTgAgINzgtnr3gi5Y0iw2eveCCNDSVEuSVFUNDYyMDAyNzYuSVFfQ0RTX01JRC4xOC8wNy8yNgEAAACWd3wBAgAAAAcyOS41MTAzAH1cc4LZ694IRHBMsNnr3ggjQ0lRLklRVDUxMDIzMjYwLklRX0NEU19NSUQuMjYvMDcvMjYBAAAAsRF/AQIAAAAHMTQuNjgxNgCAg3OC2eveCI4nWbDZ694II0NJUS5JUVQ0NjIxOTkyMi5JUV9DRFNfTUlELjIxLzA3LzI2AQAAANZHOQECAAAABDcuMjUAgINzgtnr3ghQPEuw2eveCCNDSVEuSVFUNDYxOTk4NDEuSVFfQ0RTX01JRC4xOS8wNy8yNgEAAADrMAYAAwAAAAAAkuZzgtnr3gi5Y0iw | Y1: 2eveCCNDSVEuSVFUNDYyMDM3MTQuSVFfQ0RTX01JRC4xNi8wNy8yNgEAAABfBTUAAgAAAAUzMS4yNQBMNXOC2eveCG3NULDZ694II0NJUS5JUVQ3OTYzOTk1My5JUV9DRFNfTUlELjE2LzA3LzI2AQAAADSbVgECAAAABzI0Ljk5MDYAcJdzgtnr3gh0v1Gw2eveCCRDSVEuSVFUNTI4OTM2ODEyLklRX0NEU19NSUQuMTYvMDcvMjYBAAAAbFsGAAIAAAAHNDcuMjgyNwCS5nOC2eveCIENUrDZ694II0NJUS5JUVQ0NjE5NzEzOC5JUV9DRFNfTUlELjEzLzA3LzI2AQAAAO6UOAECAAAABzEyNC43MzIATg5zgtnr3gj7BlWw2eveCCNDSVEuSVFUNTEwMjM0ODAuSVFfQ0RTX01JRC4xMy8wNy8yNgEAAADCRfEBAgAAAAY0LjQ5NTgAgINzgtnr3ggffFWw2eveCCNDSVEuSVFUNDYyMDQ5NTcuSVFfQ0RTX01JRC4xMy8wNy8yNgEAAAAhFQYAAgAAAAc1NC4xMjYyAOe+c4LZ694IPspVsNnr3ggjQ0lRLklRVDYyMjcwMTA2LklRX0NEU19NSUQuMTMvMDcvMjYBAAAArXeDAAIAAAAHNzUuMjEzOADW7+yB2eveCJ4tVrDZ694II0NJUS5JUVQ3OTY0MDAyNC5JUV9DRFNfTUlELjI3LzA3LzI2AQAAADWPmwECAAAABjcuODMzMwBMNXOC2eveCMuvV7DZ694IJENJUS5JUVQzMTMzMDU4NzkuSVFfQ0RTX01JRC4yNy8wNy8yNgEAAACE1twBAgAAAAYyLjE1MjEAcJdzgtnr3ggvJliw2eveCCNDSVEuSVFUNDYyMDA0MTIuSVFfQ0RT | Z1: X01JRC4yNy8wNy8yNgEAAABjQwYAAgAAAAc0Ni4zNDQ5AJoNdILZ694Io3NYsNnr3ggjQ0lRLklRVDQ2MjAzMzMyLklRX0NEU19NSUQuMjQvMDcvMjYBAAAAXx43AAIAAAAHMTAuODMzMwBMNXOC2eveCNJRRbDZ694II0NJUS5JUVQ0NjIxNTExMS5JUV9DRFNfTUlELjI0LzA3LzI2AQAAAKBLsgECAAAABzM4LjU0NjIAcJdzgtnr3gjSUUWw2eveCCNDSVEuSVFUNDYyMjYxMzIuSVFfQ0RTX01JRC4yNC8wNy8yNgEAAADdWQAAAgAAAAc0NS41Nzg0AJLmc4LZ694IyqlGsNnr3ggkQ0lRLklRVDMxMzMxMzUyNC5JUV9DRFNfTUlELjI0LzA3LzI2AQAAAO9VDQACAAAABjYwLjUyMgDW7+yB2eveCDgMR7DZ694II0NJUS5JUVQ3OTYzOTkxMy5JUV9DRFNfTUlELjI2LzA3LzI2AQAAACBjHAICAAAABjcuOTYyNwB9XHOC2eveCI4nWbDZ694II0NJUS5JUVQ0NjIwNzg3Mi5JUV9DRFNfTUlELjI2LzA3LzI2AQAAAFgNCgACAAAABzQxLjAwNTMA575zgtnr3ghcdFmw2eveCCNDSVEuSVFUNDYyMDAzMTcuSVFfQ0RTX01JRC4yNi8wNy8yNgEAAAD+VA0AAgAAAAc2Mi4zODQxAMzI7IHZ694IycFZsNnr3ggkQ0lRLklRVDY0NDcwMTc5Ny5JUV9DRFNfTUlELjI1LzA3LzI2AQAAAFM/fQECAAAABjkuNzYyOABMNXOC2eveCJcTRLDZ694II0NJUS5JUVQ0NjIxNjk4Ni5JUV9DRFNfTUlELjI1LzA3LzI2AQAAAM5EOAEDAAAA | AA1: AABwl3OC2eveCJcTRLDZ694IJENJUS5JUVQyNTQ5NTUyMzMuSVFfQ0RTX01JRC4yNS8wNy8yNgEAAAA5VgoAAgAAAAc0My43MDUzAJoNdILZ694I0lFFsNnr3ggjQ0lRLklRVDQ2MTk2MjI1LklRX0NEU19NSUQuMjMvMDcvMjYBAAAAvlWjAQIAAAAGMTcuMzc1AEw1c4LZ694INjNHsNnr3ggjQ0lRLklRVDUxMDIzMjYwLklRX0NEU19NSUQuMjMvMDcvMjYBAAAAsRF/AQIAAAAGMTQuMzI0AICDc4LZ694IUoFHsNnr3ggjQ0lRLklRVDQ2MjI0NzQwLklRX0NEU19NSUQuMjMvMDcvMjYBAAAA03IIAAIAAAAHMzYuNDI3NwCS5nOC2eveCP/VR7DZ694IJENJUS5JUVQzMTMzMTczNDQuSVFfQ0RTX01JRC4yMy8wNy8yNgEAAADxrAEAAgAAAAc2MC45Nzg4ANbv7IHZ694Ikv9HsNnr3ggjQ0lRLklRVDQ2MjAwMjc2LklRX0NEU19NSUQuMTQvMDcvMjYBAAAAlnd8AQIAAAAHMjkuNDM5MgB9XHOC2eveCOMrVLDZ694II0NJUS5JUVQ0NjE5NTQ5MS5JUV9DRFNfTUlELjE0LzA3LzI2AQAAAGlKAAACAAAABjU0LjYwNADnvnOC2eveCKCTVLDZ694II0NJUS5JUVQ3OTYzNDkwMS5JUV9DRFNfTUlELjE0LzA3LzI2AQAAAJwGEAACAAAABjQxLjE0NQCaDXSC2eveCAXgVLDZ694II0NJUS5JUVQ0NjIwNzU3MS5JUV9DRFNfTUlELjI3LzA0LzI2AQAAAG3vNQACAAAABjMxLjMzNQBMNXOC2eveCBZ9VrDZ694II0NJUS5JUVQ0 | AB1: NjIxMzQ3Mi5JUV9DRFNfTUlELjI3LzA0LzI2AQAAALlaOAACAAAABzE2LjE4MjUAcJdzgtnr3ggDy1aw2eveCCRDSVEuSVFUMjYzMjEzMTMyLklRX0NEU19NSUQuMjcvMDQvMjYBAAAA4ZoIAAIAAAAFNjMuNDUAmg10gtnr3gioTFew2eveCCNDSVEuSVFUNDYxOTQ5OTUuSVFfQ0RTX01JRC4yMi8wNy8yNgEAAABuEDEAAgAAAAcxMS4wNTk4AEw1c4LZ694IuWNIsNnr3ggjQ0lRLklRVDQ2MjIyMjkyLklRX0NEU19NSUQuMjIvMDcvMjYBAAAA0ZGbAQIAAAAINzYyLjA5MjMAgINzgtnr3gjeAkqw2eveCCNDSVEuSVFUNDYyMjUwMDYuSVFfQ0RTX01JRC4yMi8wNy8yNgEAAAD4VQ0AAgAAAAc0My45NTk3AJLmc4LZ694IZVFKsNnr3ggjQ0lRLklRVDQ2MjIwMzI5LklRX0NEU19NSUQuMjIvMDcvMjYBAAAA21sAAAIAAAAHNTYuNjUzNgDW7+yB2eveCCPHSrDZ694II0NJUS5JUVQ0NjI2MjM3OC5JUV9DRFNfTUlELjE3LzA3LzI2AQAAAEDSiQECAAAABjE4LjM3NQB9XHOC2eveCK0IULDZ694II0NJUS5JUVQ0NjE5NzY5NC5JUV9DRFNfTUlELjE3LzA3LzI2AQAAAAf6BQACAAAABzUzLjY2OTIA575zgtnr3gitCFCw2eveCCNDSVEuSVFUNjIyNzAxMDcuSVFfQ0RTX01JRC4xNy8wNy8yNgEAAAAVWQAAAgAAAAc0MS4zMTI1AJoNdILZ694Ibc1QsNnr3ggjQ0lRLklRVDQ2MjA3MzA4LklRX0NEU19NSUQuMTUvMDcv | AC1: MjYBAAAAOYl6AQIAAAAHMTQuNTYyNQBMNXOC2eveCGCqUrDZ694II0NJUS5JUVQ0NjIxMDAzMi5JUV9DRFNfTUlELjE1LzA3LzI2AQAAAI9VowECAAAABTM2LjkzAHCXc4LZ694ISRBTsNnr3ggjQ0lRLklRVDQ2MjI1Mzc0LklRX0NEU19NSUQuMTUvMDcvMjYBAAAAtdYFAAIAAAAHMzguNTAxNQCaDXSC2eveCHxoU7DZ694II0NJUS5JUVQ0OTc1MTE5Ni5JUV9DRFNfTUlELjI3LzA3LzI1AQAAAM2ZvQACAAAABjQwLjI0NwBMNXOC2eveCH5yTbDZ694II0NJUS5JUVQ2MDM4OTUxNi5JUV9DRFNfTUlELjI3LzA3LzI1AQAAAKXwwwECAAAAATgAgINzgtnr3gjNv02w2eveCCRDSVEuSVFUMzIzNjgwMTMwLklRX0NEU19NSUQuMjcvMDcvMjUBAAAAceECAAIAAAAHNDguNzI0MQCS5nOC2eveCOAkTrDZ694IJENJUS5JUVQzMTMzMTU0MjkuSVFfQ0RTX01JRC4yNy8wNy8yNQEAAAA55wUAAgAAAAc0MS40MzMzANbv7IHZ694IuYhOsNnr3ggjQ0lRLklRVDQ2MjA2Nzc5LklRX0NEU19NSUQuMjEvMDcvMjYBAAAA/O82AAIAAAAHMTYuMDYyNQB9XHOC2eveCEAVS7DZ694II0NJUS5JUVQ0NjIxODY3NC5JUV9DRFNfTUlELjIxLzA3LzI2AQAAAFfKNgACAAAACDEyOS42NDc3AOe+c4LZ694I4XpLsNnr3ggjQ0lRLklRVDQ2MjI1NzE1LklRX0NEU19NSUQuMjEvMDcvMjYBAAAAt+UEAAIAAAAHNDMuMzkzMQCaDXSC2eve | AD1: CK3SS7DZ694II0NJUS5JUVQ0NjIwNDg4NC5JUV9DRFNfTUlELjIwLzA3LzI2AQAAAIFRwAECAAAABjI5LjYyNQBMNXOC2eveCB3WTrDZ694II0NJUS5JUVQ0NjIwNzc4OS5JUV9DRFNfTUlELjIwLzA3LzI2AQAAACpYowECAAAABjI2LjgzOABwl3OC2eveCHxKT7DZ694IJENJUS5JUVQyODYwOTYxMzEuSVFfQ0RTX01JRC4yMC8wNy8yNgEAAAA78QQAAgAAAAU2MC4yNQCS5nOC2eveCAyjT7DZ694II0NJUS5JUVQ0NjIxMDU2MC5JUV9DRFNfTUlELjE5LzA3LzI2AQAAAPYaNwACAAAABzg2Ljk1NDEATg5zgtnr3gi5Y0iw2eveCCNDSVEuSVFUNDYyMTk5MjIuSVFfQ0RTX01JRC4xOS8wNy8yNgEAAADWRzkBAgAAAAQ3LjI1AICDc4LZ694IuWNIsNnr3ggjQ0lRLklRVDQ2MjIzNjQ2LklRX0NEU19NSUQuMTkvMDcvMjYBAAAAG3gEAAIAAAAHNDkuNzY2NADnvnOC2eveCLljSLDZ694IJENJUS5JUVQzMTMzMTQ5NzYuSVFfQ0RTX01JRC4xOS8wNy8yNgEAAABtSgAAAgAAAAc1Ny44MzY0ANbv7IHZ694IuWNIsNnr3ggjQ0lRLklRVDQ2MjE4NTE2LklRX0NEU19NSUQuMTgvMDcvMjYBAAAAplWjAQIAAAAHMzUuNDE3MgB9XHOC2eveCERwTLDZ694II0NJUS5JUVQ0NjIyMDgwMy5JUV9DRFNfTUlELjE4LzA3LzI2AQAAANbJNgACAAAABzQyLjUwMDUA575zgtnr3gg3v0yw2eveCCNDSVEuSVFUNDYyMDAzNjQuSVFf | AE1: Q0RTX01JRC4xOC8wNy8yNgEAAABXhggAAgAAAAUyNS4xNgCaDXSC2eveCP0iTbDZ694II0NJUS5JUVQ0NjE5NjIyNS5JUV9DRFNfTUlELjIyLzA3LzI2AQAAAL5VowECAAAABjE3LjM3NQBMNXOC2eveCLljSLDZ694II0NJUS5JUVQ1MTAyMzI2MC5JUV9DRFNfTUlELjIyLzA3LzI2AQAAALERfwECAAAABzE0LjE2MDcAgINzgtnr3gjeAkqw2eveCCNDSVEuSVFUNjAzODgwNTcuSVFfQ0RTX01JRC4xNi8wNy8yNgEAAADfyX0BAwAAAAAAcJdzgtnr3gh0v1Gw2eveCCNDSVEuSVFUNDYxOTk4NDEuSVFfQ0RTX01JRC4xNi8wNy8yNgEAAADrMAYAAwAAAAAAkuZzgtnr3giBDVKw2eveCCRDSVEuSVFUMzEzMzEwMTg0LklRX0NEU19NSUQuMTMvMDcvMjYBAAAAYEQ+AAIAAAAHMTEuMjAwOABODnOC2eveCPsGVbDZ694II0NJUS5JUVQ0NjIxNDg3OS5JUV9DRFNfTUlELjEzLzA3LzI2AQAAAPUaNwACAAAABjUwLjU1OACAg3OC2eveCB98VbDZ694II0NJUS5JUVQ0NjQ3MDg3Ny5JUV9DRFNfTUlELjEzLzA3LzI2AQAAAEI3BwACAAAABzU1Ljc2OTMA575zgtnr3gg+ylWw2eveCCRDSVEuSVFUMzEzMzEwODU0LklRX0NEU19NSUQuMTMvMDcvMjYBAAAAr1QNAAIAAAAENjEuNQDW7+yB2eveCJ4tVrDZ694II0NJUS5JUVQ0NjIxNDk1NC5JUV9DRFNfTUlELjI3LzA3LzI2AQAAADo9OQECAAAABjE0LjQyOQB9XHOC2eve | AF1: CDDYV7DZ694II0NJUS5JUVQ0NjIwODYzNC5JUV9DRFNfTUlELjI3LzA3LzI2AQAAAAMfwgACAAAABzIzLjMyNTEAcJdzgtnr3ggvJliw2eveCCNDSVEuSVFUNDYyMjUwODMuSVFfQ0RTX01JRC4yNy8wNy8yNgEAAABWRAYAAgAAAAIzNwCaDXSC2eveCKNzWLDZ694II0NJUS5JUVQ0NjIwMzcxNC5JUV9DRFNfTUlELjI0LzA3LzI2AQAAAF8FNQACAAAABzMxLjc1NjMATDVzgtnr3gjSUUWw2eveCCNDSVEuSVFUNzk2Mzk5NTMuSVFfQ0RTX01JRC4yNC8wNy8yNgEAAAA0m1YBAgAAAAcyNC44ODcxAHCXc4LZ694I0lFFsNnr3ggkQ0lRLklRVDUyODkzNjgxMi5JUV9DRFNfTUlELjI0LzA3LzI2AQAAAGxbBgACAAAABzQ4LjI5OTcAkuZzgtnr3gjKqUaw2eveCCNDSVEuSVFUNDYxOTcxMzguSVFfQ0RTX01JRC4yNi8wNy8yNgEAAADulDgBAgAAAAcxMjQuMzU2AE4Oc4LZ694I78FYsNnr3ggjQ0lRLklRVDUxMDIzNDgwLklRX0NEU19NSUQuMjYvMDcvMjYBAAAAwkXxAQIAAAAGNC42ODg1AICDc4LZ694IjidZsNnr3ggjQ0lRLklRVDQ2MjA0OTU3LklRX0NEU19NSUQuMjYvMDcvMjYBAAAAIRUGAAIAAAAHNTUuODIzNwDnvnOC2eveCFx0WbDZ694II0NJUS5JUVQ2MjI3MDEwNi5JUV9DRFNfTUlELjI2LzA3LzI2AQAAAK13gwACAAAABzc1LjIxMDIAzMjsgdnr3gi+6Vmw2eveCCNDSVEuSVFUNzk2NDAwMjQuSVFf | AG1: Q0RTX01JRC4yNS8wNy8yNgEAAAA1j5sBAgAAAAY3LjgzMzMATDVzgtnr3giXE0Sw2eveCCRDSVEuSVFUMzEzMzA1ODc5LklRX0NEU19NSUQuMjUvMDcvMjYBAAAAhNbcAQIAAAAGMi4xNTIxAHCXc4LZ694IlxNEsNnr3ggjQ0lRLklRVDQ2MjAwNDEyLklRX0NEU19NSUQuMjUvMDcvMjYBAAAAY0MGAAIAAAAHNDYuMzQ0OQCaDXSC2eveCNJRRbDZ694II0NJUS5JUVQ0NjIwMzMzMi5JUV9DRFNfTUlELjIzLzA3LzI2AQAAAF8eNwACAAAABzEwLjgzMzMATDVzgtnr3gg2M0ew2eveCCNDSVEuSVFUNDYyMTUxMTEuSVFfQ0RTX01JRC4yMy8wNy8yNgEAAACgS7IBAgAAAAczOC4xMjY5AHCXc4LZ694IUoFHsNnr3ggjQ0lRLklRVDQ2MjI2MTMyLklRX0NEU19NSUQuMjMvMDcvMjYBAAAA3VkAAAIAAAAHNDUuNDYyMgCS5nOC2eveCP/VR7DZ694IJENJUS5JUVQzMTMzMTM1MjQuSVFfQ0RTX01JRC4yMy8wNy8yNgEAAADvVQ0AAgAAAAc2MC41MTkyANbv7IHZ694Ikv9HsNnr3ggjQ0lRLklRVDc5NjM5OTEzLklRX0NEU19NSUQuMTQvMDcvMjYBAAAAIGMcAgIAAAABOAB9XHOC2eveCOMrVLDZ694II0NJUS5JUVQ0NjIwNzg3Mi5JUV9DRFNfTUlELjE0LzA3LzI2AQAAAFgNCgACAAAABzQwLjU4NDIA575zgtnr3gigk1Sw2eveCCNDSVEuSVFUNDYyMDAzMTcuSVFfQ0RTX01JRC4xNC8wNy8yNgEAAAD+VA0AAgAAAAc2 | AH1: NC4xMzEzAMzI7IHZ694IBeBUsNnr3ggkQ0lRLklRVDY0NDcwMTc5Ny5JUV9DRFNfTUlELjI3LzA0LzI2AQAAAFM/fQECAAAABjkuOTI5MwBMNXOC2eveCBZ9VrDZ694II0NJUS5JUVQ0NjIxNjk4Ni5JUV9DRFNfTUlELjI3LzA0LzI2AQAAAM5EOAEDAAAAAABwl3OC2eveCI31VrDZ694IJENJUS5JUVQyNTQ5NTUyMzMuSVFfQ0RTX01JRC4yNy8wNC8yNgEAAAA5VgoAAgAAAAc1NS4xNjUzAJoNdILZ694IqExXsNnr3ggjQ0lRLklRVDQ2MjA0ODg0LklRX0NEU19NSUQuMTYvMDcvMjYBAAAAgVHAAQIAAAAHMjkuMzMzMwBMNXOC2eveCG3NULDZ694II0NJUS5JUVQ0NjIwNzc4OS5JUV9DRFNfTUlELjE2LzA3LzI2AQAAACpYowECAAAABzI2LjQ4NTYAcJdzgtnr3gh0v1Gw2eveCCRDSVEuSVFUMjg2MDk2MTMxLklRX0NEU19NSUQuMTYvMDcvMjYBAAAAO/EEAAIAAAAHNTkuNzk5MgCS5nOC2eveCJ40UrDZ694II0NJUS5JUVQ0NjIxMDU2MC5JUV9DRFNfTUlELjEzLzA3LzI2AQAAAPYaNwACAAAABzg1Ljg0ODUATg5zgtnr3gj7BlWw2eveCCNDSVEuSVFUNDYyMTk5MjIuSVFfQ0RTX01JRC4xMy8wNy8yNgEAAADWRzkBAgAAAAY2LjgyOTMAgINzgtnr3ggffFWw2eveCCNDSVEuSVFUNDYyMjM2NDYuSVFfQ0RTX01JRC4xMy8wNy8yNgEAAAAbeAQAAgAAAAc0OS4yOTU5AOe+c4LZ694IPspVsNnr3ggkQ0lRLklR | AI1: VDMxMzMxNDk3Ni5JUV9DRFNfTUlELjEzLzA3LzI2AQAAAG1KAAACAAAABDU2LjUA1u/sgdnr3gieLVaw2eveCCNDSVEuSVFUNDYyMTg1MTYuSVFfQ0RTX01JRC4yNy8wNy8yNgEAAACmVaMBAgAAAAYzNS4zNzgAfVxzgtnr3ggw2Few2eveCCNDSVEuSVFUNDYyMjA4MDMuSVFfQ0RTX01JRC4yNy8wNy8yNgEAAADWyTYAAgAAAAc0NC4zOTAzAHCXc4LZ694ILyZYsNnr3ggjQ0lRLklRVDQ2MjAwMzY0LklRX0NEU19NSUQuMjcvMDcvMjYBAAAAV4YIAAIAAAAHMjUuNTkyNACaDXSC2eveCKNzWLDZ694II0NJUS5JUVQ0NjIwNDMwMC5JUV9DRFNfTUlELjI0LzA3LzI2AQAAAPYlfQACAAAABjcuMDI2MQBMNXOC2eveCNJRRbDZ694II0NJUS5JUVQ2MDM4ODA1Ny5JUV9DRFNfTUlELjI0LzA3LzI2AQAAAN/JfQEDAAAAAABwl3OC2eveCNJRRbDZ694II0NJUS5JUVQ0NjE5OTg0MS5JUV9DRFNfTUlELjI0LzA3LzI2AQAAAOswBgADAAAAAACS5nOC2eveCMqpRrDZ694IJENJUS5JUVQzMTMzMTAxODQuSVFfQ0RTX01JRC4yNi8wNy8yNgEAAABgRD4AAgAAAAYxMS4wMzQATg5zgtnr3gjvwViw2eveCCNDSVEuSVFUNDYyMTQ4NzkuSVFfQ0RTX01JRC4yNi8wNy8yNgEAAAD1GjcAAgAAAAc1MC45MjIxAICDc4LZ694IjidZsNnr3ggjQ0lRLklRVDQ2NDcwODc3LklRX0NEU19NSUQuMjYvMDcvMjYBAAAAQjcHAAIAAAAH | AJ1: NTkuNDE4NgDnvnOC2eveCFx0WbDZ694IJENJUS5JUVQzMTMzMTA4NTQuSVFfQ0RTX01JRC4yNi8wNy8yNgEAAACvVA0AAgAAAAc2MS42NjY3ANbv7IHZ694IvulZsNnr3ggjQ0lRLklRVDQ2MjE0OTU0LklRX0NEU19NSUQuMjUvMDcvMjYBAAAAOj05AQIAAAAGMTQuNDI5AH1cc4LZ694IlxNEsNnr3ggjQ0lRLklRVDQ2MjA4NjM0LklRX0NEU19NSUQuMjUvMDcvMjYBAAAAAx/CAAIAAAAHMjMuMzI1MQBwl3OC2eveCJcTRLDZ694II0NJUS5JUVQ0NjIyNTA4My5JUV9DRFNfTUlELjI1LzA3LzI2AQAAAFZEBgACAAAAAjM3AJoNdILZ694I0lFFsNnr3ggjQ0lRLklRVDQ2MjAzNzE0LklRX0NEU19NSUQuMjMvMDcvMjYBAAAAXwU1AAIAAAAHMzEuNjEwNABMNXOC2eveCDYzR7DZ694II0NJUS5JUVQ3OTYzOTk1My5JUV9DRFNfTUlELjIzLzA3LzI2AQAAADSbVgECAAAABzI0LjkwNjMAcJdzgtnr3ghSgUew2eveCCRDSVEuSVFUNTI4OTM2ODEyLklRX0NEU19NSUQuMjMvMDcvMjYBAAAAbFsGAAIAAAAHNDguMDcxNACS5nOC2eveCB39R7DZ694II0NJUS5JUVQ0NjE5NzEzOC5JUV9DRFNfTUlELjE0LzA3LzI2AQAAAO6UOAECAAAACDEyMy42MTE4AE4Oc4LZ694IbrhTsNnr3ggjQ0lRLklRVDUxMDIzNDgwLklRX0NEU19NSUQuMTQvMDcvMjYBAAAAwkXxAQIAAAAGNC41MDY3AICDc4LZ694I4ytUsNnr3ggjQ0lR | AK1: LklRVDQ2MjA0OTU3LklRX0NEU19NSUQuMTQvMDcvMjYBAAAAIRUGAAIAAAAHNTQuNDMxMgDnvnOC2eveCKCTVLDZ694II0NJUS5JUVQ2MjI3MDEwNi5JUV9DRFNfTUlELjE0LzA3LzI2AQAAAK13gwACAAAABzc0LjYzMTgA1u/sgdnr3ggF4FSw2eveCCNDSVEuSVFUNzk2NDAwMjQuSVFfQ0RTX01JRC4yNy8wNC8yNgEAAAA1j5sBAgAAAAQ4LjkyAH1cc4LZ694IFn1WsNnr3ggkQ0lRLklRVDMxMzMwNTg3OS5JUV9DRFNfTUlELjI3LzA0LzI2AQAAAITW3AECAAAABjIuMzMzNABwl3OC2eveCGn4VrDZ694II0NJUS5JUVQ0NjIwMDQxMi5JUV9DRFNfTUlELjI3LzA0LzI2AQAAAGNDBgACAAAABDU3LjcAmg10gtnr3gioTFew2eveCCNDSVEuSVFUNDYyMDMzMzIuSVFfQ0RTX01JRC4yMi8wNy8yNgEAAABfHjcAAgAAAAcxMS4xNjY3AEw1c4LZ694IuWNIsNnr3ggjQ0lRLklRVDQ2MjE1MTExLklRX0NEU19NSUQuMjIvMDcvMjYBAAAAoEuyAQIAAAAHMzcuNzQxNQBwl3OC2eveCN4CSrDZ694II0NJUS5JUVQ0NjIyNjEzMi5JUV9DRFNfTUlELjIyLzA3LzI2AQAAAN1ZAAACAAAABzQ0Ljc0ODYAkuZzgtnr3ggseUqw2eveCCRDSVEuSVFUMzEzMzEzNTI0LklRX0NEU19NSUQuMjIvMDcvMjYBAAAA71UNAAIAAAAHNjAuNDY4NwDW7+yB2eveCCPHSrDZ694II0NJUS5JUVQ3OTYzOTkxMy5JUV9DRFNfTUlELjE3LzA3 | AL1: LzI2AQAAACBjHAICAAAABTguMTI1AH1cc4LZ694IrQhQsNnr3ggjQ0lRLklRVDQ2MjA3ODcyLklRX0NEU19NSUQuMTcvMDcvMjYBAAAAWA0KAAIAAAAHNDAuODAzMgDnvnOC2eveCK0IULDZ694II0NJUS5JUVQ0NjIwMDMxNy5JUV9DRFNfTUlELjE3LzA3LzI2AQAAAP5UDQACAAAABzYzLjY1MzMAzMjsgdnr3ghtzVCw2eveCCRDSVEuSVFUNjQ0NzAxNzk3LklRX0NEU19NSUQuMTUvMDcvMjYBAAAAUz99AQIAAAAHMTAuNjIzOABMNXOC2eveCGCqUrDZ694II0NJUS5JUVQ0NjIxNjk4Ni5JUV9DRFNfTUlELjE1LzA3LzI2AQAAAM5EOAEDAAAAAABwl3OC2eveCEkQU7DZ694IJENJUS5JUVQyNTQ5NTUyMzMuSVFfQ0RTX01JRC4xNS8wNy8yNgEAAAA5VgoAAgAAAAY0My4xMjUAmg10gtnr3gi2kFOw2eveCCNDSVEuSVFUNDYxOTYyMjUuSVFfQ0RTX01JRC4yNy8wNy8yNQEAAAC+VaMBAgAAAAcyMi42NjY3AEw1c4LZ694IfnJNsNnr3ggjQ0lRLklRVDUxMDIzMjYwLklRX0NEU19NSUQuMjcvMDcvMjUBAAAAsRF/AQIAAAAHMTAuNjgyNwBwl3OC2eveCM2/TbDZ694II0NJUS5JUVQ0NjIyNDc0MC5JUV9DRFNfTUlELjI3LzA3LzI1AQAAANNyCAACAAAABzM3LjgzODMAkuZzgtnr3gjgJE6w2eveCCRDSVEuSVFUMzEzMzE3MzQ0LklRX0NEU19NSUQuMjcvMDcvMjUBAAAA8awBAAIAAAAHMzcuODIxOQDW7+yB2eve | AM1: CLmITrDZ694II0NJUS5JUVQ0NjIwMDI3Ni5JUV9DRFNfTUlELjIxLzA3LzI2AQAAAJZ3fAECAAAABzI5LjM0OTMAfVxzgtnr3ghAFUuw2eveCCNDSVEuSVFUNDYxOTU0OTEuSVFfQ0RTX01JRC4yMS8wNy8yNgEAAABpSgAAAgAAAAc1NS4zNzE0AOe+c4LZ694I4XpLsNnr3ggjQ0lRLklRVDc5NjM0OTAxLklRX0NEU19NSUQuMjEvMDcvMjYBAAAAnAYQAAIAAAAHNDEuMDA4NACaDXSC2eveCK3SS7DZ694II0NJUS5JUVQ0NjIwNzU3MS5JUV9DRFNfTUlELjIwLzA3LzI2AQAAAG3vNQACAAAABDMwLjMATDVzgtnr3ggd1k6w2eveCCNDSVEuSVFUNDYyMTM0NzIuSVFfQ0RTX01JRC4yMC8wNy8yNgEAAAC5WjgAAgAAAAYxNS4wMjMAcJdzgtnr3gh8Sk+w2eveCCRDSVEuSVFUMjYzMjEzMTMyLklRX0NEU19NSUQuMjAvMDcvMjYBAAAA4ZoIAAIAAAAHNTUuNjg4OACaDXSC2eveCAyjT7DZ694II0NJUS5JUVQ0NjE5NDk5NS5JUV9DRFNfTUlELjE5LzA3LzI2AQAAAG4QMQACAAAABTEwLjk4AEw1c4LZ694IuWNIsNnr3ggjQ0lRLklRVDQ2MjIyMjkyLklRX0NEU19NSUQuMTkvMDcvMjYBAAAA0ZGbAQIAAAAINzYwLjgxNDgAgINzgtnr3gi5Y0iw2eveCCNDSVEuSVFUNDYyMjUwMDYuSVFfQ0RTX01JRC4xOS8wNy8yNgEAAAD4VQ0AAgAAAAc0My41NDg4AJLmc4LZ694IuWNIsNnr3ggjQ0lRLklRVDQ2MjIwMzI5LklR | AN1: X0NEU19NSUQuMTkvMDcvMjYBAAAA21sAAAIAAAACNTYA1u/sgdnr3gi5Y0iw2eveCCNDSVEuSVFUNDYyNjIzNzguSVFfQ0RTX01JRC4xOC8wNy8yNgEAAABA0okBAgAAAAYxOC4zNzUAfVxzgtnr3ghEcEyw2eveCCNDSVEuSVFUNDYxOTc2OTQuSVFfQ0RTX01JRC4xOC8wNy8yNgEAAAAH+gUAAgAAAAc1My42NjkyAOe+c4LZ694IN79MsNnr3ggjQ0lRLklRVDYyMjcwMTA3LklRX0NEU19NSUQuMTgvMDcvMjYBAAAAFVkAAAIAAAAHNDEuMzEyNQCaDXSC2eveCP0iTbDZ694II0NJUS5JUVQ0NjIwNzMwOC5JUV9DRFNfTUlELjE2LzA3LzI2AQAAADmJegECAAAABzE0LjQzNzUATDVzgtnr3ghtzVCw2eveCCRDSVEuSVFUMzEzMzE0OTc2LklRX0NEU19NSUQuMjYvMDcvMjYBAAAAbUoAAAIAAAAHNTguMTY1MQDW7+yB2eveCL7pWbDZ694IJENJUS5JUVQzMTMzMTAxODQuSVFfQ0RTX01JRC4xNC8wNy8yNgEAAABgRD4AAgAAAAcxMS4yMTAxAE4Oc4LZ694I1t5TsNnr3ggjQ0lRLklRVDQ2MjAzNzE0LklRX0NEU19NSUQuMjIvMDcvMjYBAAAAXwU1AAIAAAAFMzEuNDEATDVzgtnr3gi5Y0iw2eveCCNDSVEuSVFUNDYyMDA0MTIuSVFfQ0RTX01JRC4xNS8wNy8yNgEAAABjQwYAAgAAAAc0Ni4xNTA4AJoNdILZ694ItpBTsNnr3ggjQ0lRLklRVDQ2MjA3NTcxLklRX0NEU19NSUQuMTYvMDcvMjYBAAAAbe81AAIAAAAC | AO1: MzAATDVzgtnr3ghtzVCw2eveCCNDSVEuSVFUNDYyMTM0NzIuSVFfQ0RTX01JRC4xNi8wNy8yNgEAAAC5WjgAAgAAAAcxNS4wNjI1AHCXc4LZ694IdL9RsNnr3ggkQ0lRLklRVDI2MzIxMzEzMi5JUV9DRFNfTUlELjE2LzA3LzI2AQAAAOGaCAACAAAABzU1LjA5ODcAmg10gtnr3gieNFKw2eveCCNDSVEuSVFUNDYxOTQ5OTUuSVFfQ0RTX01JRC4xMy8wNy8yNgEAAABuEDEAAgAAAAcxMC45OTk4AEw1c4LZ694IAi5VsNnr3ggjQ0lRLklRVDQ2MjIyMjkyLklRX0NEU19NSUQuMTMvMDcvMjYBAAAA0ZGbAQIAAAAINzYwLjQ0NzMAgINzgtnr3ggffFWw2eveCCNDSVEuSVFUNDYyMjUwMDYuSVFfQ0RTX01JRC4xMy8wNy8yNgEAAAD4VQ0AAgAAAAc0MS43MDgyAJLmc4LZ694IVPFVsNnr3ggjQ0lRLklRVDQ2MjIwMzI5LklRX0NEU19NSUQuMTMvMDcvMjYBAAAA21sAAAIAAAAENTYuNQDW7+yB2eveCJ4tVrDZ694II0NJUS5JUVQ0NjI2MjM3OC5JUV9DRFNfTUlELjI3LzA3LzI2AQAAAEDSiQECAAAAAjE4AH1cc4LZ694IMNhXsNnr3ggjQ0lRLklRVDQ2MTk3Njk0LklRX0NEU19NSUQuMjcvMDcvMjYBAAAAB/oFAAIAAAAHNTMuOTg2OADnvnOC2eveCC8mWLDZ694II0NJUS5JUVQ2MjI3MDEwNy5JUV9DRFNfTUlELjI3LzA3LzI2AQAAABVZAAACAAAABzQyLjQxMTUAmg10gtnr3ghem1iw2eveCCNDSVEuSVFUNDYy | AP1: MDczMDguSVFfQ0RTX01JRC4yNC8wNy8yNgEAAAA5iXoBAgAAAAcxNC41NjI1AEw1c4LZ694I0lFFsNnr3ggjQ0lRLklRVDQ2MjEwMDMyLklRX0NEU19NSUQuMjQvMDcvMjYBAAAAj1WjAQIAAAAHMzguMTk0NQBwl3OC2eveCNJRRbDZ694II0NJUS5JUVQ0NjIyNTM3NC5JUV9DRFNfTUlELjI0LzA3LzI2AQAAALXWBQACAAAABzM5LjU1NDQAkuZzgtnr3gjKqUaw2eveCCNDSVEuSVFUNDk3NTExOTYuSVFfQ0RTX01JRC4yNi8wNy8yNgEAAADNmb0AAgAAAAc0MC41NzA2AE4Oc4LZ694I78FYsNnr3ggjQ0lRLklRVDYwMzg5NTE2LklRX0NEU19NSUQuMjYvMDcvMjYBAAAApfDDAQIAAAAGNy4yNDcxAICDc4LZ694IjidZsNnr3ggkQ0lRLklRVDMyMzY4MDEzMC5JUV9DRFNfTUlELjI2LzA3LzI2AQAAAHHhAgACAAAABzUyLjQ5MzgAkuZzgtnr3gg5nFmw2eveCCRDSVEuSVFUMzEzMzE1NDI5LklRX0NEU19NSUQuMjYvMDcvMjYBAAAAOecFAAIAAAAHNjIuNTA2NwDW7+yB2eveCL7pWbDZ694II0NJUS5JUVQ0NjIwNjc3OS5JUV9DRFNfTUlELjI1LzA3LzI2AQAAAPzvNgACAAAABzE2LjQ3MjYAfVxzgtnr3giXE0Sw2eveCCNDSVEuSVFUNDYyMTg2NzQuSVFfQ0RTX01JRC4yNS8wNy8yNgEAAABXyjYAAgAAAAgxMzQuNDEzMgDnvnOC2eveCJcTRLDZ694II0NJUS5JUVQ0NjIyNTcxNS5JUV9DRFNfTUlELjI1LzA3 | AQ1: LzI2AQAAALflBAACAAAABzQzLjQ2MTUAmg10gtnr3gjSUUWw2eveCCNDSVEuSVFUNDYyMDQ4ODQuSVFfQ0RTX01JRC4yMy8wNy8yNgEAAACBUcABAgAAAAUyOS43NQBMNXOC2eveCDYzR7DZ694II0NJUS5JUVQ0NjIwNzc4OS5JUV9DRFNfTUlELjIzLzA3LzI2AQAAACpYowECAAAABzI2LjkxMzUAcJdzgtnr3ghSgUew2eveCCRDSVEuSVFUMjg2MDk2MTMxLklRX0NEU19NSUQuMjMvMDcvMjYBAAAAO/EEAAIAAAAHNjAuNzk1MQCS5nOC2eveCJL/R7DZ694II0NJUS5JUVQ0NjIxMDU2MC5JUV9DRFNfTUlELjE0LzA3LzI2AQAAAPYaNwACAAAABzg1LjQ0MzUATg5zgtnr3gjW3lOw2eveCCNDSVEuSVFUNDYyMTk5MjIuSVFfQ0RTX01JRC4xNC8wNy8yNgEAAADWRzkBAgAAAAQ3LjI1AICDc4LZ694I4ytUsNnr3ggjQ0lRLklRVDQ2MjIzNjQ2LklRX0NEU19NSUQuMTQvMDcvMjYBAAAAG3gEAAIAAAAHNDkuODUwMgDnvnOC2eveCKCTVLDZ694IJENJUS5JUVQzMTMzMTQ5NzYuSVFfQ0RTX01JRC4xNC8wNy8yNgEAAABtSgAAAgAAAAQ1Ni41ANbv7IHZ694I+wZVsNnr3ggjQ0lRLklRVDQ2MjE4NTE2LklRX0NEU19NSUQuMjcvMDQvMjYBAAAAplWjAQIAAAAHMzguNTU2MwB9XHOC2eveCPijVrDZ694II0NJUS5JUVQ0NjIyMDgwMy5JUV9DRFNfTUlELjI3LzA0LzI2AQAAANbJNgACAAAABzUyLjA0NzQA575zgtnr | AR1: 3ghp+Faw2eveCCNDSVEuSVFUNDYyMDAzNjQuSVFfQ0RTX01JRC4yNy8wNC8yNgEAAABXhggAAgAAAAQyOS41AJoNdILZ694IqExXsNnr3ggjQ0lRLklRVDQ2MjA0MzAwLklRX0NEU19NSUQuMjIvMDcvMjYBAAAA9iV9AAIAAAAGNy4wMjEyAEw1c4LZ694IuWNIsNnr3ggjQ0lRLklRVDYwMzg4MDU3LklRX0NEU19NSUQuMjIvMDcvMjYBAAAA38l9AQMAAAAAAHCXc4LZ694ISipKsNnr3ggjQ0lRLklRVDQ2MTk5ODQxLklRX0NEU19NSUQuMjIvMDcvMjYBAAAA6zAGAAMAAAAAAJLmc4LZ694ILHlKsNnr3ggkQ0lRLklRVDMxMzMxMDE4NC5JUV9DRFNfTUlELjE3LzA3LzI2AQAAAGBEPgACAAAABzExLjA5ODcATg5zgtnr3gitCFCw2eveCCNDSVEuSVFUNDYyMTQ4NzkuSVFfQ0RTX01JRC4xNy8wNy8yNgEAAAD1GjcAAgAAAAc1MC45MTM0AICDc4LZ694IrQhQsNnr3ggjQ0lRLklRVDQ2NDcwODc3LklRX0NEU19NSUQuMTcvMDcvMjYBAAAAQjcHAAIAAAAGNTguMzE0AOe+c4LZ694IrQhQsNnr3ggkQ0lRLklRVDMxMzMxMDg1NC5JUV9DRFNfTUlELjE3LzA3LzI2AQAAAK9UDQACAAAABzYxLjE2NjcA1u/sgdnr3ghtzVCw2eveCCNDSVEuSVFUNDYyMTQ5NTQuSVFfQ0RTX01JRC4xNS8wNy8yNgEAAAA6PTkBAgAAAAcxNC4zMTI1AH1cc4LZ694IbNFSsNnr3ggjQ0lRLklRVDQ2MjA4NjM0LklRX0NEU19NSUQuMTUv | AS1: MDcvMjYBAAAAAx/CAAIAAAAHMjIuNjU2MwBwl3OC2eveCEkQU7DZ694II0NJUS5JUVQ0NjIyNTA4My5JUV9DRFNfTUlELjE1LzA3LzI2AQAAAFZEBgACAAAABDM3LjUAmg10gtnr3gi2kFOw2eveCCNDSVEuSVFUNDYyMDM3MTQuSVFfQ0RTX01JRC4yNy8wNy8yNQEAAABfBTUAAgAAAAczMi4xNzgxAEw1c4LZ694IfnJNsNnr3ggjQ0lRLklRVDc5NjM5OTUzLklRX0NEU19NSUQuMjcvMDcvMjUBAAAANJtWAQIAAAAHMzMuNTY3OABwl3OC2eveCDvnTbDZ694IJENJUS5JUVQ1Mjg5MzY4MTIuSVFfQ0RTX01JRC4yNy8wNy8yNQEAAABsWwYAAgAAAAI0NwCS5nOC2eveCFBLTrDZ694II0NJUS5JUVQ0NjE5NzEzOC5JUV9DRFNfTUlELjIxLzA3LzI2AQAAAO6UOAECAAAACDEyMi4zNzc5AE4Oc4LZ694II8dKsNnr3ggjQ0lRLklRVDUxMDIzNDgwLklRX0NEU19NSUQuMjEvMDcvMjYBAAAAwkXxAQIAAAAGNC42ODQ2AICDc4LZ694IUDxLsNnr3ggjQ0lRLklRVDQ2MjA0OTU3LklRX0NEU19NSUQuMjEvMDcvMjYBAAAAIRUGAAIAAAAENTUuMgDnvnOC2eveCLegS7DZ694II0NJUS5JUVQ2MjI3MDEwNi5JUV9DRFNfTUlELjIxLzA3LzI2AQAAAK13gwACAAAABzc1LjIwOTkA1u/sgdnr3gj4+0uw2eveCCNDSVEuSVFUNzk2NDAwMjQuSVFfQ0RTX01JRC4yMC8wNy8yNgEAAAA1j5sBAgAAAAY3LjgzMzMAfVxzgtnr3gh6 | AT1: /E6w2eveCCRDSVEuSVFUMzEzMzA1ODc5LklRX0NEU19NSUQuMjAvMDcvMjYBAAAAhNbcAQIAAAAGMi4zMzM0AHCXc4LZ694IfEpPsNnr3ggjQ0lRLklRVDQ2MjAwNDEyLklRX0NEU19NSUQuMjAvMDcvMjYBAAAAY0MGAAIAAAAGNDUuMzc1AJoNdILZ694IDKNPsNnr3ggjQ0lRLklRVDQ2MjAzMzMyLklRX0NEU19NSUQuMTkvMDcvMjYBAAAAXx43AAIAAAAHMTEuMTY2NwBMNXOC2eveCLljSLDZ694II0NJUS5JUVQ0NjIxNTExMS5JUV9DRFNfTUlELjE5LzA3LzI2AQAAAKBLsgECAAAABzM3LjY5MTUAcJdzgtnr3gi5Y0iw2eveCCNDSVEuSVFUNDYyMjYxMzIuSVFfQ0RTX01JRC4xOS8wNy8yNgEAAADdWQAAAgAAAAc0My44ODExAJLmc4LZ694IuWNIsNnr3ggkQ0lRLklRVDMxMzMxMzUyNC5JUV9DRFNfTUlELjE5LzA3LzI2AQAAAO9VDQACAAAABzYwLjAwNjYA1u/sgdnr3gi5Y0iw2eveCCNDSVEuSVFUNzk2Mzk5MTMuSVFfQ0RTX01JRC4xOC8wNy8yNgEAAAAgYxwCAgAAAAU4LjEyNQB9XHOC2eveCERwTLDZ694II0NJUS5JUVQ0NjIwNzg3Mi5JUV9DRFNfTUlELjE4LzA3LzI2AQAAAFgNCgACAAAABzQwLjgwMzIA575zgtnr3gg3v0yw2eveCCNDSVEuSVFUNDYyMDAzMTcuSVFfQ0RTX01JRC4xOC8wNy8yNgEAAAD+VA0AAgAAAAc2My42NTMzAMzI7IHZ694I/SJNsNnr3ggkQ0lRLklRVDY0NDcwMTc5Ny5J | AU1: UV9DRFNfTUlELjE2LzA3LzI2AQAAAFM/fQECAAAABzEwLjM0MTQATDVzgtnr3ghtzVCw2eveCCNDSVEuSVFUNDYyMTY5ODYuSVFfQ0RTX01JRC4xNi8wNy8yNgEAAADORDgBAwAAAAAAcJdzgtnr3gh0v1Gw2eveCCRDSVEuSVFUMjU0OTU1MjMzLklRX0NEU19NSUQuMTYvMDcvMjYBAAAAOVYKAAIAAAACNDMAmg10gtnr3gieNFKw2eveCCNDSVEuSVFUNDYxOTYyMjUuSVFfQ0RTX01JRC4xMy8wNy8yNgEAAAC+VaMBAgAAAAcxNy4zMzMzAEw1c4LZ694IAi5VsNnr3ggjQ0lRLklRVDUxMDIzMjYwLklRX0NEU19NSUQuMTMvMDcvMjYBAAAAsRF/AQIAAAAHMTMuOTA3MgCAg3OC2eveCB98VbDZ694II0NJUS5JUVQ0NjIyNDc0MC5JUV9DRFNfTUlELjEzLzA3LzI2AQAAANNyCAACAAAABjMzLjcyNQCS5nOC2eveCFTxVbDZ694IJENJUS5JUVQzMTMzMTczNDQuSVFfQ0RTX01JRC4xMy8wNy8yNgEAAADxrAEAAgAAAAc2MC41MDIzANbv7IHZ694ImFZWsNnr3ggjQ0lRLklRVDQ2MjAwMjc2LklRX0NEU19NSUQuMjcvMDcvMjYBAAAAlnd8AQIAAAAHMjkuMjU2MwB9XHOC2eveCDDYV7DZ694II0NJUS5JUVQ0NjE5NTQ5MS5JUV9DRFNfTUlELjI3LzA3LzI2AQAAAGlKAAACAAAABzU2LjQxNTkA575zgtnr3ggvJliw2eveCCNDSVEuSVFUNzk2MzQ5MDEuSVFfQ0RTX01JRC4yNy8wNy8yNgEAAACcBhAAAgAAAAc0MS4y | AV1: MTQ2AJoNdILZ694IXptYsNnr3ggjQ0lRLklRVDQ2MjA3NTcxLklRX0NEU19NSUQuMjQvMDcvMjYBAAAAbe81AAIAAAAEMzAuNQBMNXOC2eveCNJRRbDZ694II0NJUS5JUVQ0NjIxMzQ3Mi5JUV9DRFNfTUlELjI0LzA3LzI2AQAAALlaOAACAAAABjE1LjQxMgBwl3OC2eveCNJRRbDZ694IJENJUS5JUVQyNjMyMTMxMzIuSVFfQ0RTX01JRC4yNC8wNy8yNgEAAADhmggAAgAAAAc1Ni41MzkxAJoNdILZ694IyqlGsNnr3ggjQ0lRLklRVDQ2MTk0OTk1LklRX0NEU19NSUQuMjYvMDcvMjYBAAAAbhAxAAIAAAAHMTEuMTgyNABMNXOC2eveCO/BWLDZ694II0NJUS5JUVQ0NjIyMjI5Mi5JUV9DRFNfTUlELjI2LzA3LzI2AQAAANGRmwECAAAACDc3Ny4xNjI0AICDc4LZ694IjidZsNnr3ggjQ0lRLklRVDQ2MjI1MDA2LklRX0NEU19NSUQuMjYvMDcvMjYBAAAA+FUNAAIAAAAGNDQuNzEyAJLmc4LZ694IOZxZsNnr3ggjQ0lRLklRVDQ2MjIwMzI5LklRX0NEU19NSUQuMjYvMDcvMjYBAAAA21sAAAIAAAAGNTYuNjc0ANbv7IHZ694IvulZsNnr3ggjQ0lRLklRVDQ2MjYyMzc4LklRX0NEU19NSUQuMjUvMDcvMjYBAAAAQNKJAQIAAAACMTgAfVxzgtnr3giXE0Sw2eveCCNDSVEuSVFUNDYxOTc2OTQuSVFfQ0RTX01JRC4yNS8wNy8yNgEAAAAH+gUAAgAAAAc1My45ODY4AOe+c4LZ694IlxNEsNnr3ggjQ0lRLklRVDYyMjcw | AW1: MTA3LklRX0NEU19NSUQuMjUvMDcvMjYBAAAAFVkAAAIAAAAHNDIuNDExNQCaDXSC2eveCNJRRbDZ694II0NJUS5JUVQ0NjIwNzMwOC5JUV9DRFNfTUlELjIzLzA3LzI2AQAAADmJegECAAAABzE0LjU2MjUATDVzgtnr3gg2M0ew2eveCCNDSVEuSVFUNDYyMTAwMzIuSVFfQ0RTX01JRC4yMy8wNy8yNgEAAACPVaMBAgAAAAczNy42MjIyAHCXc4LZ694IYahHsNnr3ggjQ0lRLklRVDQ2MjI1Mzc0LklRX0NEU19NSUQuMjMvMDcvMjYBAAAAtdYFAAIAAAAHMzkuMzM4MgCS5nOC2eveCJL/R7DZ694II0NJUS5JUVQ0OTc1MTE5Ni5JUV9DRFNfTUlELjE0LzA3LzI2AQAAAM2ZvQACAAAABTQxLjc1AEw1c4LZ694I1t5TsNnr3ggjQ0lRLklRVDYwMzg5NTE2LklRX0NEU19NSUQuMTQvMDcvMjYBAAAApfDDAQIAAAAGNy4yNDkxAICDc4LZ694I4ytUsNnr3ggkQ0lRLklRVDMyMzY4MDEzMC5JUV9DRFNfTUlELjE0LzA3LzI2AQAAAHHhAgACAAAABzUyLjQ5NTMAkuZzgtnr3gigk1Sw2eveCCRDSVEuSVFUMzEzMzE1NDI5LklRX0NEU19NSUQuMTQvMDcvMjYBAAAAOecFAAIAAAAHNjIuNTAxMwDW7+yB2eveCPsGVbDZ694II0NJUS5JUVQ0NjIwNjc3OS5JUV9DRFNfTUlELjI3LzA0LzI2AQAAAPzvNgACAAAABzE2LjQyMjUAfVxzgtnr3gj4o1aw2eveCCNDSVEuSVFUNDYyMTg2NzQuSVFfQ0RTX01JRC4yNy8wNC8yNgEA | AX1: AABXyjYAAgAAAAgxNTQuNTkwOADnvnOC2eveCGn4VrDZ694II0NJUS5JUVQ0NjIyNTcxNS5JUV9DRFNfTUlELjI3LzA0LzI2AQAAALflBAACAAAABzQyLjgyNzIAmg10gtnr3gioTFew2eveCCNDSVEuSVFUNDYyMDQ4ODQuSVFfQ0RTX01JRC4yMi8wNy8yNgEAAACBUcABAgAAAAQyOS41AEw1c4LZ694IuWNIsNnr3ggjQ0lRLklRVDQ2MjA3Nzg5LklRX0NEU19NSUQuMjIvMDcvMjYBAAAAKlijAQIAAAAHMjYuOTE5NwBwl3OC2eveCEoqSrDZ694IJENJUS5JUVQyODYwOTYxMzEuSVFfQ0RTX01JRC4yMi8wNy8yNgEAAAA78QQAAgAAAAc1OS42NjM3AJLmc4LZ694ILHlKsNnr3ggjQ0lRLklRVDQ2MjEwNTYwLklRX0NEU19NSUQuMTcvMDcvMjYBAAAA9ho3AAIAAAAHODYuOTU0MQBODnOC2eveCK0IULDZ694II0NJUS5JUVQ0NjIxOTkyMi5JUV9DRFNfTUlELjE3LzA3LzI2AQAAANZHOQECAAAABDcuMjUAgINzgtnr3gitCFCw2eveCCNDSVEuSVFUNDYyMjM2NDYuSVFfQ0RTX01JRC4xNy8wNy8yNgEAAAAbeAQAAgAAAAc0OS43NjY0AOe+c4LZ694IrQhQsNnr3ggkQ0lRLklRVDMxMzMxNDk3Ni5JUV9DRFNfTUlELjE3LzA3LzI2AQAAAG1KAAACAAAABzU3LjgzNjQA1u/sgdnr3ghtzVCw2eveCCNDSVEuSVFUNDYyMTg1MTYuSVFfQ0RTX01JRC4xNS8wNy8yNgEAAACmVaMBAgAAAAczNS42NDc3AH1cc4LZ694I | AY1: bNFSsNnr3ggjQ0lRLklRVDQ2MjIwODAzLklRX0NEU19NSUQuMTUvMDcvMjYBAAAA1sk2AAIAAAAHNDEuODE1NwDnvnOC2eveCKc1U7DZ694II0NJUS5JUVQ0NjIwMDM2NC5JUV9DRFNfTUlELjE1LzA3LzI2AQAAAFeGCAACAAAABTI0Ljg2AJoNdILZ694ItpBTsNnr3ggjQ0lRLklRVDQ2MjA0MzAwLklRX0NEU19NSUQuMjcvMDcvMjUBAAAA9iV9AAIAAAAGOC4zMzMzAEw1c4LZ694IfnJNsNnr3ggjQ0lRLklRVDYwMzg4MDU3LklRX0NEU19NSUQuMjcvMDcvMjUBAAAA38l9AQIAAAAHNDYuNDg2NQBwl3OC2eveCDvnTbDZ694II0NJUS5JUVQ0NjE5OTg0MS5JUV9DRFNfTUlELjI3LzA3LzI1AQAAAOswBgADAAAAAACS5nOC2eveCFBLTrDZ694IJENJUS5JUVQzMTMzMTAxODQuSVFfQ0RTX01JRC4yMS8wNy8yNgEAAABgRD4AAgAAAAcxMC45OTU3AE4Oc4LZ694II8dKsNnr3ggjQ0lRLklRVDQ2MjE0ODc5LklRX0NEU19NSUQuMjEvMDcvMjYBAAAA9Ro3AAIAAAAHNTAuOTQwNwCAg3OC2eveCFA8S7DZ694II0NJUS5JUVQ0NjQ3MDg3Ny5JUV9DRFNfTUlELjIxLzA3LzI2AQAAAEI3BwACAAAABzU3LjkzMDUA575zgtnr3givpEuw2eveCCRDSVEuSVFUMzEzMzEwODU0LklRX0NEU19NSUQuMjEvMDcvMjYBAAAAr1QNAAIAAAAHNjEuMTY2NwDW7+yB2eveCPj7S7DZ694II0NJUS5JUVQ0NjIxNDk1NC5JUV9DRFNf | AZ1: TUlELjIwLzA3LzI2AQAAADo9OQECAAAABDE0LjQAfVxzgtnr3gh6/E6w2eveCCNDSVEuSVFUNDYyMDg2MzQuSVFfQ0RTX01JRC4yMC8wNy8yNgEAAAADH8IAAgAAAAcyMi43MTg4AHCXc4LZ694IfEpPsNnr3ggjQ0lRLklRVDQ2MjI1MDgzLklRX0NEU19NSUQuMjAvMDcvMjYBAAAAVkQGAAIAAAAFMzYuNzUAmg10gtnr3ggMo0+w2eveCCNDSVEuSVFUNDYyMDM3MTQuSVFfQ0RTX01JRC4xOS8wNy8yNgEAAABfBTUAAgAAAAUzMS40NQBMNXOC2eveCLljSLDZ694II0NJUS5JUVQ3OTYzOTk1My5JUV9DRFNfTUlELjE5LzA3LzI2AQAAADSbVgECAAAABzI0Ljk0MjgAcJdzgtnr3gi5Y0iw2eveCCRDSVEuSVFUNTI4OTM2ODEyLklRX0NEU19NSUQuMTkvMDcvMjYBAAAAbFsGAAIAAAAHNDcuOTU5NACS5nOC2eveCLljSLDZ694II0NJUS5JUVQ0NjE5NzEzOC5JUV9DRFNfTUlELjE4LzA3LzI2AQAAAO6UOAECAAAACDEyNS40NzMyAE4Oc4LZ694IxSJMsNnr3ggjQ0lRLklRVDUxMDIzNDgwLklRX0NEU19NSUQuMTgvMDcvMjYBAAAAwkXxAQIAAAAGNC43NjI3AICDc4LZ694IRHBMsNnr3ggjQ0lRLklRVDQ2MjA0OTU3LklRX0NEU19NSUQuMTgvMDcvMjYBAAAAIRUGAAIAAAAHNTUuMjY0MQDnvnOC2eveCDe/TLDZ694II0NJUS5JUVQ0NjIxNTExMS5JUV9DRFNfTUlELjEzLzA3LzI2AQAAAKBLsgECAAAABzM3LjM5 | BA1: ODkAcJdzgtnr3ggffFWw2eveCCNDSVEuSVFUNDYyMjU3MTUuSVFfQ0RTX01JRC4xNS8wNy8yNgEAAAC35QQAAgAAAAY0My4zMzIAmg10gtnr3gi2kFOw2eveCCNDSVEuSVFUNjAzODgwNTcuSVFfQ0RTX01JRC4xOS8wNy8yNgEAAADfyX0BAwAAAAAAcJdzgtnr3gi5Y0iw2eveCCNDSVEuSVFUNzk2NDAwMjQuSVFfQ0RTX01JRC4xNi8wNy8yNgEAAAA1j5sBAgAAAAY3Ljg5NjcAfVxzgtnr3ghtzVCw2eveCCRDSVEuSVFUMzEzMzA1ODc5LklRX0NEU19NSUQuMTYvMDcvMjYBAAAAhNbcAQIAAAAGMi4zMzM0AHCXc4LZ694InuZRsNnr3ggjQ0lRLklRVDQ2MjAwNDEyLklRX0NEU19NSUQuMTYvMDcvMjYBAAAAY0MGAAIAAAAHNDUuMzU1NQCaDXSC2eveCJ40UrDZ694II0NJUS5JUVQ0NjIwMzMzMi5JUV9DRFNfTUlELjEzLzA3LzI2AQAAAF8eNwACAAAABzExLjM3NTQATDVzgtnr3ggCLlWw2eveCCRDSVEuSVFUMzEzMzEzNTI0LklRX0NEU19NSUQuMTMvMDcvMjYBAAAA71UNAAIAAAAHNjAuNDgwMQDW7+yB2eveCJhWVrDZ694IJENJUS5JUVQ2NDQ3MDE3OTcuSVFfQ0RTX01JRC4yNC8wNy8yNgEAAABTP30BAgAAAAY5Ljc2MjgATDVzgtnr3gjSUUWw2eveCCNDSVEuSVFUNDYyMTY5ODYuSVFfQ0RTX01JRC4yNC8wNy8yNgEAAADORDgBAwAAAAAAcJdzgtnr3gjSUUWw2eveCCRDSVEuSVFUMjU0OTU1MjMzLklR | BB1: X0NEU19NSUQuMjQvMDcvMjYBAAAAOVYKAAIAAAAHNDMuNzA1MwCaDXSC2eveCMqpRrDZ694IJENJUS5JUVQzMTMzMTczNDQuSVFfQ0RTX01JRC4yNi8wNy8yNgEAAADxrAEAAgAAAAc2MS4yOTI4ANbv7IHZ694IvulZsNnr3ggjQ0lRLklRVDc5NjM0OTAxLklRX0NEU19NSUQuMjUvMDcvMjYBAAAAnAYQAAIAAAAHNDEuMjE0NgCaDXSC2eveCNJRRbDZ694IJENJUS5JUVQzMTMzMTQ5NzYuSVFfQ0RTX01JRC4yMS8wNy8yNgEAAABtSgAAAgAAAAc1Ny44MzQxANbv7IHZ694I+PtLsNnr3ggjQ0lRLklRVDQ2MjE0OTU0LklRX0NEU19NSUQuMTYvMDcvMjYBAAAAOj05AQIAAAAGMTQuMzc1AH1cc4LZ694Ibc1QsNnr3ggjQ0lRLklRVDQ2MjA4NjM0LklRX0NEU19NSUQuMTYvMDcvMjYBAAAAAx/CAAIAAAAHMjIuNDE4MwBwl3OC2eveCJ7mUbDZ694II0NJUS5JUVQ0NjIyNTA4My5JUV9DRFNfTUlELjE2LzA3LzI2AQAAAFZEBgACAAAABDM3LjEAmg10gtnr3gieNFKw2eveCCNDSVEuSVFUNDYyMDM3MTQuSVFfQ0RTX01JRC4xMy8wNy8yNgEAAABfBTUAAgAAAAczMC44NTgxAEw1c4LZ694IAi5VsNnr3ggjQ0lRLklRVDc5NjM5OTUzLklRX0NEU19NSUQuMTMvMDcvMjYBAAAANJtWAQIAAAAGMjQuODc4AHCXc4LZ694ILKNVsNnr3ggkQ0lRLklRVDUyODkzNjgxMi5JUV9DRFNfTUlELjEzLzA3LzI2AQAAAGxbBgAC | BC1: AAAABzQ2Ljg2NDMAkuZzgtnr3ghU8VWw2eveCCNDSVEuSVFUNDYxOTcxMzguSVFfQ0RTX01JRC4yNy8wNy8yNgEAAADulDgBAgAAAAcxMjQuMzU2AE4Oc4LZ694Ih3NXsNnr3ggjQ0lRLklRVDUxMDIzNDgwLklRX0NEU19NSUQuMjcvMDcvMjYBAAAAwkXxAQIAAAAGNC42ODg1AICDc4LZ694IMNhXsNnr3ggjQ0lRLklRVDQ2MjA0OTU3LklRX0NEU19NSUQuMjcvMDcvMjYBAAAAIRUGAAIAAAAHNTUuODIzNwDnvnOC2eveCD5NWLDZ694II0NJUS5JUVQ2MjI3MDEwNi5JUV9DRFNfTUlELjI3LzA3LzI2AQAAAK13gwACAAAABzc1LjIxMDIAzMjsgdnr3ghem1iw2eveCCNDSVEuSVFUNzk2NDAwMjQuSVFfQ0RTX01JRC4yNC8wNy8yNgEAAAA1j5sBAgAAAAY3LjgzMzMAfVxzgtnr3gjSUUWw2eveCCRDSVEuSVFUMzEzMzA1ODc5LklRX0NEU19NSUQuMjQvMDcvMjYBAAAAhNbcAQIAAAAGMi4xNTIxAHCXc4LZ694I0lFFsNnr3ggjQ0lRLklRVDQ2MjAwNDEyLklRX0NEU19NSUQuMjQvMDcvMjYBAAAAY0MGAAIAAAAHNDYuMzQ0OQCaDXSC2eveCMqpRrDZ694II0NJUS5JUVQ0NjIwMzMzMi5JUV9DRFNfTUlELjI2LzA3LzI2AQAAAF8eNwACAAAABzEwLjgzMzMATDVzgtnr3gj66Fiw2eveCCNDSVEuSVFUNDYyMTUxMTEuSVFfQ0RTX01JRC4yNi8wNy8yNgEAAACgS7IBAgAAAAczOC41NDYyAHCXc4LZ694IjidZsNnr | BD1: 3ggjQ0lRLklRVDQ2MjI2MTMyLklRX0NEU19NSUQuMjYvMDcvMjYBAAAA3VkAAAIAAAAHNDUuNTc4NACS5nOC2eveCDmcWbDZ694IJENJUS5JUVQzMTMzMTM1MjQuSVFfQ0RTX01JRC4yNi8wNy8yNgEAAADvVQ0AAgAAAAY2MC41MjIA1u/sgdnr3gi+6Vmw2eveCCNDSVEuSVFUNzk2Mzk5MTMuSVFfQ0RTX01JRC4yNS8wNy8yNgEAAAAgYxwCAgAAAAY3Ljk2MjcAfVxzgtnr3giXE0Sw2eveCCNDSVEuSVFUNDYyMDc4NzIuSVFfQ0RTX01JRC4yNS8wNy8yNgEAAABYDQoAAgAAAAc0MS4wMDUzAOe+c4LZ694IlxNEsNnr3ggjQ0lRLklRVDQ2MjAwMzE3LklRX0NEU19NSUQuMjUvMDcvMjYBAAAA/lQNAAIAAAAHNjIuMzg0MQDMyOyB2eveCNJRRbDZ694IJENJUS5JUVQ2NDQ3MDE3OTcuSVFfQ0RTX01JRC4yMy8wNy8yNgEAAABTP30BAgAAAAcxMC4yOTM4AEw1c4LZ694INjNHsNnr3ggjQ0lRLklRVDQ2MjE2OTg2LklRX0NEU19NSUQuMjMvMDcvMjYBAAAAzkQ4AQMAAAAAAHCXc4LZ694IYahHsNnr3ggkQ0lRLklRVDI1NDk1NTIzMy5JUV9DRFNfTUlELjIzLzA3LzI2AQAAADlWCgACAAAABzQzLjU4MjIAmg10gtnr3giS/0ew2eveCCNDSVEuSVFUNDYxOTYyMjUuSVFfQ0RTX01JRC4xNC8wNy8yNgEAAAC+VaMBAgAAAAYxNy4zNzUATDVzgtnr3gjW3lOw2eveCCNDSVEuSVFUNTEwMjMyNjAuSVFfQ0RTX01JRC4x | BE1: NC8wNy8yNgEAAACxEX8BAgAAAAIxNACAg3OC2eveCGJUVLDZ694II0NJUS5JUVQ0NjIyNDc0MC5JUV9DRFNfTUlELjE0LzA3LzI2AQAAANNyCAACAAAABDM0LjEAkuZzgtnr3gigk1Sw2eveCCRDSVEuSVFUMzEzMzE3MzQ0LklRX0NEU19NSUQuMTQvMDcvMjYBAAAA8awBAAIAAAAGNjAuNTA2ANbv7IHZ694I+wZVsNnr3ggjQ0lRLklRVDQ2MjAwMjc2LklRX0NEU19NSUQuMjcvMDQvMjYBAAAAlnd8AQIAAAAHMjkuNDY2NQB9XHOC2eveCPijVrDZ694II0NJUS5JUVQ0NjE5NTQ5MS5JUV9DRFNfTUlELjI3LzA0LzI2AQAAAGlKAAACAAAABjU4Ljg3NQDnvnOC2eveCGn4VrDZ694II0NJUS5JUVQ3OTYzNDkwMS5JUV9DRFNfTUlELjI3LzA0LzI2AQAAAJwGEAACAAAABzQ2LjAyMzEAzMjsgdnr3gioTFew2eveCCNDSVEuSVFUNDYyMDc1NzEuSVFfQ0RTX01JRC4yMi8wNy8yNgEAAABt7zUAAgAAAAUzMC4zNQBMNXOC2eveCLljSLDZ694II0NJUS5JUVQ0NjIxMzQ3Mi5JUV9DRFNfTUlELjIyLzA3LzI2AQAAALlaOAACAAAABjE1LjAzNABwl3OC2eveCEoqSrDZ694IJENJUS5JUVQyNjMyMTMxMzIuSVFfQ0RTX01JRC4yMi8wNy8yNgEAAADhmggAAgAAAAc1NS4yOTY1AJoNdILZ694ILHlKsNnr3ggjQ0lRLklRVDQ2MTk0OTk1LklRX0NEU19NSUQuMTcvMDcvMjYBAAAAbhAxAAIAAAAFMTAuOTgATDVzgtnr3git | BF1: CFCw2eveCCNDSVEuSVFUNDYyMjIyOTIuSVFfQ0RTX01JRC4xNy8wNy8yNgEAAADRkZsBAgAAAAg3NjAuODE0OACAg3OC2eveCK0IULDZ694II0NJUS5JUVQ0NjIyNTAwNi5JUV9DRFNfTUlELjE3LzA3LzI2AQAAAPhVDQACAAAABzQzLjU0ODgAkuZzgtnr3ghtzVCw2eveCCNDSVEuSVFUNDYyMjAzMjkuSVFfQ0RTX01JRC4xNy8wNy8yNgEAAADbWwAAAgAAAAI1NgDW7+yB2eveCG3NULDZ694II0NJUS5JUVQ0NjI2MjM3OC5JUV9DRFNfTUlELjE1LzA3LzI2AQAAAEDSiQECAAAABzE4LjU0OTcAfVxzgtnr3ghs0VKw2eveCCNDSVEuSVFUNDYxOTc2OTQuSVFfQ0RTX01JRC4xNS8wNy8yNgEAAAAH+gUAAgAAAAc1Mi45MzQ2AOe+c4LZ694IJjpTsNnr3ggjQ0lRLklRVDYyMjcwMTA3LklRX0NEU19NSUQuMTUvMDcvMjYBAAAAFVkAAAIAAAAHNDEuODE3OACaDXSC2eveCLaQU7DZ694II0NJUS5JUVQ0NjIwNzMwOC5JUV9DRFNfTUlELjI3LzA3LzI1AQAAADmJegECAAAABzE3LjY2NjcATDVzgtnr3gjNmE2w2eveCCNDSVEuSVFUNDYyMTAwMzIuSVFfQ0RTX01JRC4yNy8wNy8yNQEAAACPVaMBAgAAAAQ0MC40AHCXc4LZ694IO+dNsNnr3ggjQ0lRLklRVDQ2MjI1Mzc0LklRX0NEU19NSUQuMjcvMDcvMjUBAAAAtdYFAAIAAAAHNDcuNzYyNQCaDXSC2eveCFBLTrDZ694II0NJUS5JUVQ0OTc1MTE5Ni5JUV9DRFNf | BG1: TUlELjIxLzA3LzI2AQAAAM2ZvQACAAAABzQxLjMzMzMATDVzgtnr3ggy7kqw2eveCCNDSVEuSVFUNjAzODk1MTYuSVFfQ0RTX01JRC4yMS8wNy8yNgEAAACl8MMBAgAAAAY3LjI0MjgAgINzgtnr3ghQPEuw2eveCCRDSVEuSVFUMzIzNjgwMTMwLklRX0NEU19NSUQuMjEvMDcvMjYBAAAAceECAAIAAAAHNTIuMDExNgCS5nOC2eveCK+kS7DZ694IJENJUS5JUVQzMTMzMTU0MjkuSVFfQ0RTX01JRC4yMS8wNy8yNgEAAAA55wUAAgAAAAY2MS44MzcA1u/sgdnr3gj4+0uw2eveCCNDSVEuSVFUNDYyMDY3NzkuSVFfQ0RTX01JRC4yMC8wNy8yNgEAAAD87zYAAgAAAAQxNi41AH1cc4LZ694IevxOsNnr3ggjQ0lRLklRVDQ2MjE4Njc0LklRX0NEU19NSUQuMjAvMDcvMjYBAAAAV8o2AAIAAAAIMTMwLjEwOTkA575zgtnr3gh8Sk+w2eveCCNDSVEuSVFUNDYyMjU3MTUuSVFfQ0RTX01JRC4yMC8wNy8yNgEAAAC35QQAAgAAAAc0My4zMTU0AJoNdILZ694IDKNPsNnr3ggjQ0lRLklRVDQ2MjA0ODg0LklRX0NEU19NSUQuMTkvMDcvMjYBAAAAgVHAAQIAAAAGMjkuNjI1AEw1c4LZ694IuWNIsNnr3ggjQ0lRLklRVDQ2MjA3Nzg5LklRX0NEU19NSUQuMTkvMDcvMjYBAAAAKlijAQIAAAAHMjYuNjg3OQBwl3OC2eveCLljSLDZ694IJENJUS5JUVQyODYwOTYxMzEuSVFfQ0RTX01JRC4xOS8wNy8yNgEAAAA78QQAAgAAAAc2 | BH1: MC42NjY3AJLmc4LZ694IuWNIsNnr3ggjQ0lRLklRVDQ2MjEwNTYwLklRX0NEU19NSUQuMTgvMDcvMjYBAAAA9ho3AAIAAAAHODYuOTU0MQBODnOC2eveCMUiTLDZ694II0NJUS5JUVQ0NjIxOTkyMi5JUV9DRFNfTUlELjE4LzA3LzI2AQAAANZHOQECAAAABDcuMjUAgINzgtnr3ghEcEyw2eveCCNDSVEuSVFUNDYyMjM2NDYuSVFfQ0RTX01JRC4xOC8wNy8yNgEAAAAbeAQAAgAAAAc0OS43NjY0AOe+c4LZ694IN79MsNnr3ggkQ0lRLklRVDMxMzMxNDk3Ni5JUV9DRFNfTUlELjE4LzA3LzI2AQAAAG1KAAACAAAABzU3LjgzNjQA1u/sgdnr3gj8SU2w2eveCCNDSVEuSVFUNDYyMDAyNzYuSVFfQ0RTX01JRC4xNS8wNy8yNgEAAACWd3wBAgAAAAcyOS43NDg1AH1cc4LZ694IbNFSsNnr3ggjQ0lRLklRVDQ2MTk1NDkxLklRX0NEU19NSUQuMTUvMDcvMjYBAAAAaUoAAAIAAAAFNTQuOTkA575zgtnr3ggmOlOw2eveCCNDSVEuSVFUNzk2MzQ5MDEuSVFfQ0RTX01JRC4xNS8wNy8yNgEAAACcBhAAAgAAAAc0MS4wODkyAJoNdILZ694ItpBTsNnr3ggjQ0lRLklRVDQ2MjA3NTcxLklRX0NEU19NSUQuMjcvMDcvMjUBAAAAbe81AAIAAAAHMzkuNjUxNQBMNXOC2eveCM2YTbDZ694II0NJUS5JUVQ0NjIxMzQ3Mi5JUV9DRFNfTUlELjI3LzA3LzI1AQAAALlaOAACAAAABzEzLjgzNTUAcJdzgtnr3giM/E2w2eveCCRDSVEu | BI1: SVFUMjYzMjEzMTMyLklRX0NEU19NSUQuMjcvMDcvMjUBAAAA4ZoIAAIAAAAHNTUuMzYyOQCaDXSC2eveCFBLTrDZ694II0NJUS5JUVQ0NjE5NDk5NS5JUV9DRFNfTUlELjIxLzA3LzI2AQAAAG4QMQACAAAABjExLjA0OQBMNXOC2eveCDLuSrDZ694II0NJUS5JUVQ0NjIyMjI5Mi5JUV9DRFNfTUlELjIxLzA3LzI2AQAAANGRmwECAAAACDc2MS41Mjk0AICDc4LZ694IUDxLsNnr3ggjQ0lRLklRVDQ2MjI1MDA2LklRX0NEU19NSUQuMjEvMDcvMjYBAAAA+FUNAAIAAAAHNDMuOTU5NgCS5nOC2eveCK+kS7DZ694II0NJUS5JUVQ0NjIyMDMyOS5JUV9DRFNfTUlELjIxLzA3LzI2AQAAANtbAAACAAAABzU2LjMxNTYA1u/sgdnr3gj4+0uw2eveCCNDSVEuSVFUNDYyNjIzNzguSVFfQ0RTX01JRC4yMC8wNy8yNgEAAABA0okBAgAAAAYxOC4xMjUAfVxzgtnr3gh6/E6w2eveCCNDSVEuSVFUNDYxOTc2OTQuSVFfQ0RTX01JRC4yMC8wNy8yNgEAAAAH+gUAAgAAAAY1My4xNDgA575zgtnr3giGcU+w2eveCCNDSVEuSVFUNjIyNzAxMDcuSVFfQ0RTX01JRC4yMC8wNy8yNgEAAAAVWQAAAgAAAAc0MS42NTc3AJoNdILZ694IDKNPsNnr3ggjQ0lRLklRVDQ2MjA3MzA4LklRX0NEU19NSUQuMTkvMDcvMjYBAAAAOYl6AQIAAAAHMTQuNTYyNQBMNXOC2eveCLljSLDZ694II0NJUS5JUVQ0NjIxMDAzMi5JUV9DRFNfTUlELjE5 | BJ1: LzA3LzI2AQAAAI9VowECAAAABzM3LjMwNTEAcJdzgtnr3gi5Y0iw2eveCCNDSVEuSVFUNDYyMjUzNzQuSVFfQ0RTX01JRC4xOS8wNy8yNgEAAAC11gUAAgAAAAczOS4wMzY3AJLmc4LZ694IuWNIsNnr3ggjQ0lRLklRVDQ5NzUxMTk2LklRX0NEU19NSUQuMTgvMDcvMjYBAAAAzZm9AAIAAAAHNDEuODMzMwBMNXOC2eveCMUiTLDZ694II0NJUS5JUVQ2MDM4OTUxNi5JUV9DRFNfTUlELjE4LzA3LzI2AQAAAKXwwwECAAAABjcuMjQ3NwCAg3OC2eveCERwTLDZ694IJENJUS5JUVQzMjM2ODAxMzAuSVFfQ0RTX01JRC4xOC8wNy8yNgEAAABx4QIAAgAAAAc1MS40NDc4AJLmc4LZ694IN79MsNnr3ggkQ0lRLklRVDMxMzMxNTQyOS5JUV9DRFNfTUlELjE4LzA3LzI2AQAAADnnBQACAAAABzYyLjEyODYA1u/sgdnr3gj8SU2w2eveCCNDSVEuSVFUNDYyMTg1MTYuSVFfQ0RTX01JRC4yMC8wNy8yNgEAAACmVaMBAgAAAAczNS45MDYzAH1cc4LZ694IevxOsNnr3ggkQ0lRLklRVDMxMzMxMDg1NC5JUV9DRFNfTUlELjE4LzA3LzI2AQAAAK9UDQACAAAABzYxLjE2NjcA1u/sgdnr3gj8SU2w2eveCCNDSVEuSVFUNDYyMTg1MTYuSVFfQ0RTX01JRC4xNi8wNy8yNgEAAACmVaMBAgAAAAczNi4wNTQ1AH1cc4LZ694Ibc1QsNnr3ggjQ0lRLklRVDQ2MjIwODAzLklRX0NEU19NSUQuMTYvMDcvMjYBAAAA1sk2AAIAAAAHNDEu | BK1: ODEyNQDnvnOC2eveCJ7mUbDZ694II0NJUS5JUVQ0NjIwMDM2NC5JUV9DRFNfTUlELjE2LzA3LzI2AQAAAFeGCAACAAAAAjI1AJoNdILZ694InjRSsNnr3ggjQ0lRLklRVDQ2MjA0MzAwLklRX0NEU19NSUQuMTMvMDcvMjYBAAAA9iV9AAIAAAAGNy4wMDA1AEw1c4LZ694IAi5VsNnr3ggjQ0lRLklRVDYwMzg4MDU3LklRX0NEU19NSUQuMTMvMDcvMjYBAAAA38l9AQMAAAAAAHCXc4LZ694ILKNVsNnr3ggjQ0lRLklRVDQ2MTk5ODQxLklRX0NEU19NSUQuMTMvMDcvMjYBAAAA6zAGAAMAAAAAAJLmc4LZ694IVPFVsNnr3ggkQ0lRLklRVDMxMzMxMDE4NC5JUV9DRFNfTUlELjI3LzA3LzI2AQAAAGBEPgACAAAABjExLjAzNABODnOC2eveCJKaV7DZ694II0NJUS5JUVQ0NjIxNDg3OS5JUV9DRFNfTUlELjI3LzA3LzI2AQAAAPUaNwACAAAABzUwLjkyMjEAgINzgtnr3ggw2Few2eveCCNDSVEuSVFUNDY0NzA4NzcuSVFfQ0RTX01JRC4yNy8wNy8yNgEAAABCNwcAAgAAAAc1OS40MTg2AOe+c4LZ694IPk1YsNnr3ggkQ0lRLklRVDMxMzMxMDg1NC5JUV9DRFNfTUlELjI3LzA3LzI2AQAAAK9UDQACAAAABzYxLjY2NjcA1u/sgdnr3ghem1iw2eveCCNDSVEuSVFUNDYyMTQ5NTQuSVFfQ0RTX01JRC4yNC8wNy8yNgEAAAA6PTkBAgAAAAYxNC40MjkAfVxzgtnr3gjSUUWw2eveCCNDSVEuSVFUNDYyMDg2MzQuSVFfQ0RT | BL1: X01JRC4yNC8wNy8yNgEAAAADH8IAAgAAAAcyMy4zMjUxAHCXc4LZ694I0lFFsNnr3ggjQ0lRLklRVDQ2MjI1MDgzLklRX0NEU19NSUQuMjQvMDcvMjYBAAAAVkQGAAIAAAACMzcAmg10gtnr3gjKqUaw2eveCCNDSVEuSVFUNDYyMDM3MTQuSVFfQ0RTX01JRC4yNi8wNy8yNgEAAABfBTUAAgAAAAczMS43NTYzAEw1c4LZ694I+uhYsNnr3ggjQ0lRLklRVDc5NjM5OTUzLklRX0NEU19NSUQuMjYvMDcvMjYBAAAANJtWAQIAAAAHMjQuODg3MQBwl3OC2eveCI1MWbDZ694IJENJUS5JUVQ1Mjg5MzY4MTIuSVFfQ0RTX01JRC4yNi8wNy8yNgEAAABsWwYAAgAAAAc0OC4yOTk3AJLmc4LZ694IOZxZsNnr3ggjQ0lRLklRVDQ2MTk3MTM4LklRX0NEU19NSUQuMjUvMDcvMjYBAAAA7pQ4AQIAAAAHMTI0LjM1NgBODnOC2eveCJcTRLDZ694II0NJUS5JUVQ1MTAyMzQ4MC5JUV9DRFNfTUlELjI1LzA3LzI2AQAAAMJF8QECAAAABjQuNjg4NQCAg3OC2eveCJcTRLDZ694II0NJUS5JUVQ0NjIwNDk1Ny5JUV9DRFNfTUlELjI1LzA3LzI2AQAAACEVBgACAAAABzU1LjgyMzcA575zgtnr3gjSUUWw2eveCCNDSVEuSVFUNjIyNzAxMDYuSVFfQ0RTX01JRC4yNS8wNy8yNgEAAACtd4MAAgAAAAc3NS4yMTAyAMzI7IHZ694I0lFFsNnr3ggjQ0lRLklRVDc5NjQwMDI0LklRX0NEU19NSUQuMjMvMDcvMjYBAAAANY+bAQIAAAAGNy44 | BM1: MzMzAH1cc4LZ694ISVpHsNnr3ggkQ0lRLklRVDMxMzMwNTg3OS5JUV9DRFNfTUlELjIzLzA3LzI2AQAAAITW3AECAAAABjIuMzMzNABwl3OC2eveCGGoR7DZ694II0NJUS5JUVQ0NjIwMDQxMi5JUV9DRFNfTUlELjIzLzA3LzI2AQAAAGNDBgACAAAABzQ1LjkwNDQAmg10gtnr3giS/0ew2eveCCNDSVEuSVFUNDYyMDMzMzIuSVFfQ0RTX01JRC4xNC8wNy8yNgEAAABfHjcAAgAAAAcxMS4xNjY3AEw1c4LZ694I1t5TsNnr3ggjQ0lRLklRVDQ2MjE1MTExLklRX0NEU19NSUQuMTQvMDcvMjYBAAAAoEuyAQIAAAAHMzYuOTc1OQBwl3OC2eveCGJUVLDZ694II0NJUS5JUVQ0NjIyNjEzMi5JUV9DRFNfTUlELjE0LzA3LzI2AQAAAN1ZAAACAAAABDQyLjQAkuZzgtnr3gjnuFSw2eveCCRDSVEuSVFUMzEzMzEzNTI0LklRX0NEU19NSUQuMTQvMDcvMjYBAAAA71UNAAIAAAAHNjAuNTM4OQDW7+yB2eveCPsGVbDZ694II0NJUS5JUVQ3OTYzOTkxMy5JUV9DRFNfTUlELjI3LzA0LzI2AQAAACBjHAICAAAAATkAgINzgtnr3gj4o1aw2eveCCNDSVEuSVFUNDYyMDc4NzIuSVFfQ0RTX01JRC4yNy8wNC8yNgEAAABYDQoAAgAAAAc0MS40OTY5AOe+c4LZ694IafhWsNnr3ggjQ0lRLklRVDQ2MjAwMzE3LklRX0NEU19NSUQuMjcvMDQvMjYBAAAA/lQNAAIAAAAHNjcuOTE1MwDMyOyB2eveCKhMV7DZ694IJENJUS5JUVQ2NDQ3 | BN1: MDE3OTcuSVFfQ0RTX01JRC4yMi8wNy8yNgEAAABTP30BAgAAAAcxMC4yMDk0AEw1c4LZ694IuWNIsNnr3ggjQ0lRLklRVDQ2MjE2OTg2LklRX0NEU19NSUQuMjIvMDcvMjYBAAAAzkQ4AQMAAAAAAHCXc4LZ694ISipKsNnr3ggkQ0lRLklRVDI1NDk1NTIzMy5JUV9DRFNfTUlELjIyLzA3LzI2AQAAADlWCgACAAAABTQyLjc1AJoNdILZ694ILHlKsNnr3ggjQ0lRLklRVDQ2MTk2MjI1LklRX0NEU19NSUQuMTcvMDcvMjYBAAAAvlWjAQIAAAAGMTcuMzc1AEw1c4LZ694IrQhQsNnr3ggjQ0lRLklRVDUxMDIzMjYwLklRX0NEU19NSUQuMTcvMDcvMjYBAAAAsRF/AQIAAAAHMTQuMDQ1OACAg3OC2eveCK0IULDZ694II0NJUS5JUVQ0NjIyNDc0MC5JUV9DRFNfTUlELjE3LzA3LzI2AQAAANNyCAACAAAABzM1LjIzMzcAkuZzgtnr3ghtzVCw2eveCCRDSVEuSVFUMzEzMzE3MzQ0LklRX0NEU19NSUQuMTcvMDcvMjYBAAAA8awBAAIAAAAHNjAuODEyMwDW7+yB2eveCG3NULDZ694II0NJUS5JUVQ0NjIwNjc3OS5JUV9DRFNfTUlELjE2LzA3LzI2AQAAAPzvNgACAAAABDE2LjUAfVxzgtnr3gjPkVGw2eveCCNDSVEuSVFUNDYyMTg2NzQuSVFfQ0RTX01JRC4xNi8wNy8yNgEAAABXyjYAAgAAAAYxMjUuNjQA575zgtnr3gie5lGw2eveCCNDSVEuSVFUNDYyMjU3MTUuSVFfQ0RTX01JRC4xNi8wNy8yNgEAAAC35QQAAgAA | BO1: AAc0My4zOTIxAJoNdILZ694InjRSsNnr3ggjQ0lRLklRVDQ2MjA0ODg0LklRX0NEU19NSUQuMTMvMDcvMjYBAAAAgVHAAQIAAAAHMjkuMTgyNwBMNXOC2eveCAIuVbDZ694II0NJUS5JUVQ0NjIwNzc4OS5JUV9DRFNfTUlELjEzLzA3LzI2AQAAACpYowECAAAABzI2LjY3OTEAcJdzgtnr3ggso1Ww2eveCCRDSVEuSVFUMjg2MDk2MTMxLklRX0NEU19NSUQuMTMvMDcvMjYBAAAAO/EEAAIAAAAHNjAuNzAzMwCS5nOC2eveCFTxVbDZ694II0NJUS5JUVQ0NjIxMDU2MC5JUV9DRFNfTUlELjI3LzA3LzI2AQAAAPYaNwACAAAABzg3LjgwMTEATg5zgtnr3giSmlew2eveCCNDSVEuSVFUNDYyMTk5MjIuSVFfQ0RTX01JRC4yNy8wNy8yNgEAAADWRzkBAgAAAAY2LjY4NjIAgINzgtnr3ggw2Few2eveCCNDSVEuSVFUNDYyMjM2NDYuSVFfQ0RTX01JRC4yNy8wNy8yNgEAAAAbeAQAAgAAAAc0OS45MzU0AOe+c4LZ694IPk1YsNnr3ggkQ0lRLklRVDMxMzMxNDk3Ni5JUV9DRFNfTUlELjI3LzA3LzI2AQAAAG1KAAACAAAABzU4LjE2NTEA1u/sgdnr3ghem1iw2eveCCNDSVEuSVFUNDYyMTg1MTYuSVFfQ0RTX01JRC4yNC8wNy8yNgEAAACmVaMBAgAAAAYzNS4zNzgAfVxzgtnr3gjSUUWw2eveCCNDSVEuSVFUNDYyMjA4MDMuSVFfQ0RTX01JRC4yNC8wNy8yNgEAAADWyTYAAgAAAAc0NC4zOTAzAOe+c4LZ694Ia3xGsNnr | BP1: 3ggjQ0lRLklRVDQ2MjAwMzY0LklRX0NEU19NSUQuMjQvMDcvMjYBAAAAV4YIAAIAAAAHMjUuNTkyNACaDXSC2eveCMqpRrDZ694II0NJUS5JUVQ0NjIwNDMwMC5JUV9DRFNfTUlELjI2LzA3LzI2AQAAAPYlfQACAAAABjcuMDI2MQBMNXOC2eveCProWLDZ694II0NJUS5JUVQ2MDM4ODA1Ny5JUV9DRFNfTUlELjI2LzA3LzI2AQAAAN/JfQEDAAAAAABwl3OC2eveCI1MWbDZ694II0NJUS5JUVQ0NjE5OTg0MS5JUV9DRFNfTUlELjI2LzA3LzI2AQAAAOswBgADAAAAAACS5nOC2eveCDmcWbDZ694IJENJUS5JUVQzMTMzMTAxODQuSVFfQ0RTX01JRC4yNS8wNy8yNgEAAABgRD4AAgAAAAYxMS4wMzQATg5zgtnr3giXE0Sw2eveCCNDSVEuSVFUNDYyMTQ4NzkuSVFfQ0RTX01JRC4yNS8wNy8yNgEAAAD1GjcAAgAAAAc1MC45MjIxAICDc4LZ694IlxNEsNnr3ggjQ0lRLklRVDQ2NDcwODc3LklRX0NEU19NSUQuMjUvMDcvMjYBAAAAQjcHAAIAAAAHNTkuNDE4NgDnvnOC2eveCNJRRbDZ694IJENJUS5JUVQzMTMzMTA4NTQuSVFfQ0RTX01JRC4yNS8wNy8yNgEAAACvVA0AAgAAAAc2MS42NjY3ANbv7IHZ694I0lFFsNnr3ggjQ0lRLklRVDQ2MjE0OTU0LklRX0NEU19NSUQuMjMvMDcvMjYBAAAAOj05AQIAAAAEMTQuNQB9XHOC2eveCElaR7DZ694II0NJUS5JUVQ0NjIwODYzNC5JUV9DRFNfTUlELjIzLzA3LzI2AQAA | BQ1: AAMfwgACAAAABjIyLjgzNQBwl3OC2eveCGGoR7DZ694II0NJUS5JUVQ0NjIyNTA4My5JUV9DRFNfTUlELjIzLzA3LzI2AQAAAFZEBgACAAAABzM3LjA4MzMAmg10gtnr3giS/0ew2eveCCNDSVEuSVFUNDYyMDM3MTQuSVFfQ0RTX01JRC4xNC8wNy8yNgEAAABfBTUAAgAAAAczMS4yMjI0AEw1c4LZ694I1t5TsNnr3ggjQ0lRLklRVDc5NjM5OTUzLklRX0NEU19NSUQuMTQvMDcvMjYBAAAANJtWAQIAAAAHMjQuODc3MgBwl3OC2eveCGJUVLDZ694IJENJUS5JUVQ1Mjg5MzY4MTIuSVFfQ0RTX01JRC4xNC8wNy8yNgEAAABsWwYAAgAAAAc0Ny40ODkzAJLmc4LZ694I57hUsNnr3ggjQ0lRLklRVDQ2MTk3MTM4LklRX0NEU19NSUQuMjcvMDQvMjYBAAAA7pQ4AQIAAAAIMTIzLjcwNjkATg5zgtnr3giYVlaw2eveCCNDSVEuSVFUNTEwMjM0ODAuSVFfQ0RTX01JRC4yNy8wNC8yNgEAAADCRfEBAgAAAAY1LjcyMDQAgINzgtnr3gj4o1aw2eveCCNDSVEuSVFUNDYyMDQ5NTcuSVFfQ0RTX01JRC4yNy8wNC8yNgEAAAAhFQYAAgAAAAQ1OC4xAOe+c4LZ694IafhWsNnr3ggjQ0lRLklRVDYyMjcwMTA2LklRX0NEU19NSUQuMjcvMDQvMjYBAAAArXeDAAIAAAAHNzQuMTM0MwDW7+yB2eveCIdzV7DZ694II0NJUS5JUVQ3OTY0MDAyNC5JUV9DRFNfTUlELjIyLzA3LzI2AQAAADWPmwECAAAAAzcuOAB9XHOC2eveCLljSLDZ | BR1: 694IJENJUS5JUVQzMTMzMDU4NzkuSVFfQ0RTX01JRC4yMi8wNy8yNgEAAACE1twBAgAAAAYyLjMzMzQAcJdzgtnr3ghKKkqw2eveCCNDSVEuSVFUNDYyMDA0MTIuSVFfQ0RTX01JRC4yMi8wNy8yNgEAAABjQwYAAgAAAAU0NC43NQCaDXSC2eveCBigSrDZ694II0NJUS5JUVQ0NjIwMzMzMi5JUV9DRFNfTUlELjE3LzA3LzI2AQAAAF8eNwACAAAABzExLjE2NjcATDVzgtnr3gitCFCw2eveCCNDSVEuSVFUNDYyMTUxMTEuSVFfQ0RTX01JRC4xNy8wNy8yNgEAAACgS7IBAgAAAAczNy42OTE1AHCXc4LZ694IrQhQsNnr3ggjQ0lRLklRVDQ2MjI2MTMyLklRX0NEU19NSUQuMTcvMDcvMjYBAAAA3VkAAAIAAAAHNDMuODgxMQCS5nOC2eveCG3NULDZ694IJENJUS5JUVQzMTMzMTM1MjQuSVFfQ0RTX01JRC4xNy8wNy8yNgEAAADvVQ0AAgAAAAc2MC4wMDY2ANbv7IHZ694Ibc1QsNnr3ggjQ0lRLklRVDc5NjM5OTEzLklRX0NEU19NSUQuMTUvMDcvMjYBAAAAIGMcAgIAAAAGOC4wODMzAH1cc4LZ694IbNFSsNnr3ggjQ0lRLklRVDQ2MjA3ODcyLklRX0NEU19NSUQuMTUvMDcvMjYBAAAAWA0KAAIAAAAHNDAuNjU1MwDnvnOC2eveCCY6U7DZ694II0NJUS5JUVQ0NjIwMDMxNy5JUV9DRFNfTUlELjE1LzA3LzI2AQAAAP5UDQACAAAABzY0LjA3NDkAzMjsgdnr3gi2kFOw2eveCCRDSVEuSVFUNjQ0NzAxNzk3LklRX0NE | BS1: U19NSUQuMjcvMDcvMjUBAAAAUz99AQIAAAAHMTUuMjE4NgBMNXOC2eveCM2YTbDZ694II0NJUS5JUVQ0NjIxNjk4Ni5JUV9DRFNfTUlELjI3LzA3LzI1AQAAAM5EOAEDAAAAAABwl3OC2eveCIz8TbDZ694IJENJUS5JUVQyNTQ5NTUyMzMuSVFfQ0RTX01JRC4yNy8wNy8yNQEAAAA5VgoAAgAAAAY1NS4xMTcAmg10gtnr3ghQS06w2eveCCNDSVEuSVFUNDYxOTYyMjUuSVFfQ0RTX01JRC4yMS8wNy8yNgEAAAC+VaMBAgAAAAYxNy4zNzUATDVzgtnr3ggy7kqw2eveCCNDSVEuSVFUNTEwMjMyNjAuSVFfQ0RTX01JRC4yMS8wNy8yNgEAAACxEX8BAgAAAAcxNC4wNjc5AICDc4LZ694IUDxLsNnr3ggjQ0lRLklRVDQ2MjI0NzQwLklRX0NEU19NSUQuMjEvMDcvMjYBAAAA03IIAAIAAAAHMzUuNTgwNgCS5nOC2eveCK+kS7DZ694IJENJUS5JUVQzMTMzMTczNDQuSVFfQ0RTX01JRC4yMS8wNy8yNgEAAADxrAEAAgAAAAc2MC4xMjg2ANbv7IHZ694I+PtLsNnr3ggjQ0lRLklRVDQ2MjAwMjc2LklRX0NEU19NSUQuMjAvMDcvMjYBAAAAlnd8AQIAAAAHMjkuMzY2NQB9XHOC2eveCHr8TrDZ694II0NJUS5JUVQ0NjE5NTQ5MS5JUV9DRFNfTUlELjIwLzA3LzI2AQAAAGlKAAACAAAABzU1LjQzMTgA575zgtnr3gj7d0+w2eveCCNDSVEuSVFUNzk2MzQ5MDEuSVFfQ0RTX01JRC4yMC8wNy8yNgEAAACcBhAAAgAAAAc0MS4w | BT1: MzkyAJoNdILZ694IDKNPsNnr3ggjQ0lRLklRVDQ2MjA3NTcxLklRX0NEU19NSUQuMTkvMDcvMjYBAAAAbe81AAIAAAAHMzAuMjkxNwBMNXOC2eveCLljSLDZ694II0NJUS5JUVQ0NjIxMzQ3Mi5JUV9DRFNfTUlELjE5LzA3LzI2AQAAALlaOAACAAAAAjE1AHCXc4LZ694IuWNIsNnr3ggkQ0lRLklRVDI2MzIxMzEzMi5JUV9DRFNfTUlELjE5LzA3LzI2AQAAAOGaCAACAAAABzU1Ljg3OTQAmg10gtnr3gi5Y0iw2eveCCNDSVEuSVFUNDYxOTQ5OTUuSVFfQ0RTX01JRC4xOC8wNy8yNgEAAABuEDEAAgAAAAUxMC45OABMNXOC2eveCMUiTLDZ694II0NJUS5JUVQ0NjIyMjI5Mi5JUV9DRFNfTUlELjE4LzA3LzI2AQAAANGRmwECAAAACDc2MC44MTQ4AICDc4LZ694IYZdMsNnr3ggjQ0lRLklRVDQ2MjI1MDA2LklRX0NEU19NSUQuMTgvMDcvMjYBAAAA+FUNAAIAAAAHNDMuNTQ4OACS5nOC2eveCPr6TLDZ694II0NJUS5JUVQ0NjIyMDMyOS5JUV9DRFNfTUlELjE4LzA3LzI2AQAAANtbAAACAAAAAjU2ANbv7IHZ694I/ElNsNnr3ggjQ0lRLklRVDQ2MjEwNTYwLklRX0NEU19NSUQuMjcvMDcvMjUBAAAA9ho3AAIAAAAIMTEyLjM5ODIATg5zgtnr3gh+ck2w2eveCCNDSVEuSVFUNzk2MzQ5MDEuSVFfQ0RTX01JRC4xNy8wNy8yNgEAAACcBhAAAgAAAAc0MS4wNDI1AJoNdILZ694Ibc1QsNnr3ggjQ0lRLklRVDQ2MTk3 | BU1: Njk0LklRX0NEU19NSUQuMjEvMDcvMjYBAAAAB/oFAAIAAAAHNTIuMTI4NADnvnOC2eveCOF6S7DZ694II0NJUS5JUVQ0NjIyNTM3NC5JUV9DRFNfTUlELjIwLzA3LzI2AQAAALXWBQACAAAABzM5LjA3NzcAkuZzgtnr3ggMo0+w2eveCCRDSVEuSVFUMzIzNjgwMTMwLklRX0NEU19NSUQuMTkvMDcvMjYBAAAAceECAAIAAAAHNTEuNDQ3OACS5nOC2eveCLljSLDZ694II0NJUS5JUVQ0NjIxODY3NC5JUV9DRFNfTUlELjE4LzA3LzI2AQAAAFfKNgACAAAACDEyOS4yNzg1AOe+c4LZ694IN79MsNnr3ggjQ0lRLklRVDYwMzg5NTE2LklRX0NEU19NSUQuMTMvMDcvMjYBAAAApfDDAQIAAAAGNy4yNDA4AICDc4LZ694IH3xVsNnr3ggjQ0lRLklRVDQ2MjI1NzE1LklRX0NEU19NSUQuMjcvMDcvMjYBAAAAt+UEAAIAAAAHNDMuNDYxNQCaDXSC2eveCF6bWLDZ694II0NJUS5JUVQ0NjIwNDMwMC5JUV9DRFNfTUlELjIzLzA3LzI2AQAAAPYlfQACAAAABjcuMTA0MgBMNXOC2eveCDYzR7DZ694II0NJUS5JUVQ0NjIxNDk1NC5JUV9DRFNfTUlELjI3LzA0LzI2AQAAADo9OQECAAAABjE2LjQxNQB9XHOC2eveCBZ9VrDZ694II0NJUS5JUVQ0NjIxNjk4Ni5JUV9DRFNfTUlELjIwLzA3LzI2AQAAAM5EOAEDAAAAAABwl3OC2eveCHxKT7DZ694II0NJUS5JUVQ3OTYzOTkxMy5JUV9DRFNfTUlELjI3LzA3LzI2AQAAACBjHAIC | BV1: AAAABjcuOTYyNwB9XHOC2eveCDDYV7DZ694II0NJUS5JUVQ0NjIyNTAwNi5JUV9DRFNfTUlELjE0LzA3LzI2AQAAAPhVDQACAAAABzQyLjE2MjEAkuZzgtnr3gigk1Sw2eveCCNDSVEuSVFUNDYyNjIzNzguSVFfQ0RTX01JRC4yNy8wNC8yNgEAAABA0okBAgAAAAcxOC44MzMzAH1cc4LZ694I+KNWsNnr3ggjQ0lRLklRVDYyMjcwMTA3LklRX0NEU19NSUQuMjcvMDQvMjYBAAAAFVkAAAIAAAAHMzkuNjk1OACaDXSC2eveCKhMV7DZ694II0NJUS5JUVQ0NjIwNzc4OS5JUV9DRFNfTUlELjI3LzA3LzI1AQAAACpYowECAAAABjIxLjA3MQBwl3OC2eveCDvnTbDZ694II0NJUS5JUVQ0NjIwMDM2NC5JUV9DRFNfTUlELjIwLzA3LzI2AQAAAFeGCAACAAAABDI1LjEAmg10gtnr3ggMo0+w2eveCCNDSVEuSVFUNDY0NzA4NzcuSVFfQ0RTX01JRC4xOC8wNy8yNgEAAABCNwcAAgAAAAY1OC4zMTQA575zgtnr3gg3v0yw2eveCCNDSVEuSVFUNDYyNjIzNzguSVFfQ0RTX01JRC4xNi8wNy8yNgEAAABA0okBAgAAAAQxOC40AH1cc4LZ694I9JdRsNnr3ggjQ0lRLklRVDQ2MTk3Njk0LklRX0NEU19NSUQuMTYvMDcvMjYBAAAAB/oFAAIAAAAHNTMuMTk2NwDnvnOC2eveCJ7mUbDZ694II0NJUS5JUVQ2MjI3MDEwNy5JUV9DRFNfTUlELjE2LzA3LzI2AQAAABVZAAACAAAABzQxLjMzMDkAmg10gtnr3gieNFKw2eveCCNDSVEu | BW1: SVFUNDYyMDczMDguSVFfQ0RTX01JRC4xMy8wNy8yNgEAAAA5iXoBAgAAAAcxNC4zMzMzAEw1c4LZ694IAi5VsNnr3ggjQ0lRLklRVDQ2MjEwMDMyLklRX0NEU19NSUQuMTMvMDcvMjYBAAAAj1WjAQIAAAAHMzYuODg3MwBwl3OC2eveCCyjVbDZ694II0NJUS5JUVQ0NjIyNTM3NC5JUV9DRFNfTUlELjEzLzA3LzI2AQAAALXWBQACAAAABTM4LjQ2AJoNdILZ694IVPFVsNnr3ggjQ0lRLklRVDQ5NzUxMTk2LklRX0NEU19NSUQuMjcvMDcvMjYBAAAAzZm9AAIAAAAHNDAuNTcwNgBODnOC2eveCJKaV7DZ694II0NJUS5JUVQ2MDM4OTUxNi5JUV9DRFNfTUlELjI3LzA3LzI2AQAAAKXwwwECAAAABjcuMjQ3MQCAg3OC2eveCCn/V7DZ694IJENJUS5JUVQzMjM2ODAxMzAuSVFfQ0RTX01JRC4yNy8wNy8yNgEAAABx4QIAAgAAAAc1Mi40OTM4AJLmc4LZ694IPk1YsNnr3ggkQ0lRLklRVDMxMzMxNTQyOS5JUV9DRFNfTUlELjI3LzA3LzI2AQAAADnnBQACAAAABzYyLjUwNjcA1u/sgdnr3ghem1iw2eveCCNDSVEuSVFUNDYyMDY3NzkuSVFfQ0RTX01JRC4yNC8wNy8yNgEAAAD87zYAAgAAAAcxNi40NzI2AH1cc4LZ694I0lFFsNnr3ggjQ0lRLklRVDQ2MjE4Njc0LklRX0NEU19NSUQuMjQvMDcvMjYBAAAAV8o2AAIAAAAIMTM0LjQxMzIA575zgtnr3gingkaw2eveCCNDSVEuSVFUNDYyMjU3MTUuSVFfQ0RTX01JRC4y | BX1: NC8wNy8yNgEAAAC35QQAAgAAAAc0My40NjE1AJoNdILZ694IaudGsNnr3ggjQ0lRLklRVDQ2MjA0ODg0LklRX0NEU19NSUQuMjYvMDcvMjYBAAAAgVHAAQIAAAAHMjkuODMzMwBMNXOC2eveCProWLDZ694II0NJUS5JUVQ0NjIwNzc4OS5JUV9DRFNfTUlELjI2LzA3LzI2AQAAACpYowECAAAABzI3LjExMjMAcJdzgtnr3giNTFmw2eveCCRDSVEuSVFUMjg2MDk2MTMxLklRX0NEU19NSUQuMjYvMDcvMjYBAAAAO/EEAAIAAAAHNjAuOTA0NwCS5nOC2eveCDmcWbDZ694II0NJUS5JUVQ0NjIxMDU2MC5JUV9DRFNfTUlELjI1LzA3LzI2AQAAAPYaNwACAAAABzg3LjgwMTEATg5zgtnr3giXE0Sw2eveCCNDSVEuSVFUNDYyMTk5MjIuSVFfQ0RTX01JRC4yNS8wNy8yNgEAAADWRzkBAgAAAAY2LjY4NjIAgINzgtnr3giXE0Sw2eveCCNDSVEuSVFUNDYyMjM2NDYuSVFfQ0RTX01JRC4yNS8wNy8yNgEAAAAbeAQAAgAAAAc0OS45MzU0AOe+c4LZ694I0lFFsNnr3ggkQ0lRLklRVDMxMzMxNDk3Ni5JUV9DRFNfTUlELjI1LzA3LzI2AQAAAG1KAAACAAAABzU4LjE2NTEA1u/sgdnr3gjSUUWw2eveCCNDSVEuSVFUNDYyMTg1MTYuSVFfQ0RTX01JRC4yMy8wNy8yNgEAAACmVaMBAgAAAAczNC44NTY0AH1cc4LZ694ISVpHsNnr3ggjQ0lRLklRVDQ2MjIwODAzLklRX0NEU19NSUQuMjMvMDcvMjYBAAAA1sk2AAIAAAAGNDMu | BY1: MzE4AOe+c4LZ694IYahHsNnr3ggjQ0lRLklRVDQ2MjAwMzY0LklRX0NEU19NSUQuMjMvMDcvMjYBAAAAV4YIAAIAAAAHMjUuNTM2NgCaDXSC2eveCJL/R7DZ694II0NJUS5JUVQ0NjIwNDMwMC5JUV9DRFNfTUlELjE0LzA3LzI2AQAAAPYlfQACAAAABjcuMTAwMQBMNXOC2eveCNbeU7DZ694II0NJUS5JUVQ2MDM4ODA1Ny5JUV9DRFNfTUlELjE0LzA3LzI2AQAAAN/JfQEDAAAAAABwl3OC2eveCGJUVLDZ694II0NJUS5JUVQ0NjE5OTg0MS5JUV9DRFNfTUlELjE0LzA3LzI2AQAAAOswBgADAAAAAACS5nOC2eveCOe4VLDZ694IJENJUS5JUVQzMTMzMTAxODQuSVFfQ0RTX01JRC4yNy8wNC8yNgEAAABgRD4AAgAAAAcxMi4zNTQ4AE4Oc4LZ694ImFZWsNnr3ggjQ0lRLklRVDQ2MjE0ODc5LklRX0NEU19NSUQuMjcvMDQvMjYBAAAA9Ro3AAIAAAAHNTIuMDUyNwCAg3OC2eveCPijVrDZ694II0NJUS5JUVQ0NjQ3MDg3Ny5JUV9DRFNfTUlELjI3LzA0LzI2AQAAAEI3BwACAAAABDU5LjUA575zgtnr3ghp+Faw2eveCCRDSVEuSVFUMzEzMzEwODU0LklRX0NEU19NSUQuMjcvMDQvMjYBAAAAr1QNAAIAAAACNjMA1u/sgdnr3giHc1ew2eveCCNDSVEuSVFUNDYyMTQ5NTQuSVFfQ0RTX01JRC4yMi8wNy8yNgEAAAA6PTkBAgAAAAYxNC4zNzUAfVxzgtnr3gi5Y0iw2eveCCNDSVEuSVFUNDYyMDg2MzQuSVFfQ0RTX01J | BZ1: RC4yMi8wNy8yNgEAAAADH8IAAgAAAAcyMi42ODg4AHCXc4LZ694ISipKsNnr3ggjQ0lRLklRVDQ2MjI1MDgzLklRX0NEU19NSUQuMjIvMDcvMjYBAAAAVkQGAAIAAAAHMzYuODMzMwCaDXSC2eveCBigSrDZ694II0NJUS5JUVQ0NjIwMzcxNC5JUV9DRFNfTUlELjE3LzA3LzI2AQAAAF8FNQACAAAABTMxLjQ1AEw1c4LZ694IrQhQsNnr3ggjQ0lRLklRVDc5NjM5OTUzLklRX0NEU19NSUQuMTcvMDcvMjYBAAAANJtWAQIAAAAHMjQuOTQyOABwl3OC2eveCK0IULDZ694IJENJUS5JUVQ1Mjg5MzY4MTIuSVFfQ0RTX01JRC4xNy8wNy8yNgEAAABsWwYAAgAAAAc0Ny45NTk0AJLmc4LZ694Ibc1QsNnr3ggjQ0lRLklRVDQ2MTk3MTM4LklRX0NEU19NSUQuMTUvMDcvMjYBAAAA7pQ4AQIAAAAIMTIyLjY2NzgATg5zgtnr3ghOg1Kw2eveCCNDSVEuSVFUNTEwMjM0ODAuSVFfQ0RTX01JRC4xNS8wNy8yNgEAAADCRfEBAgAAAAY0LjUwODIAgINzgtnr3ghs0VKw2eveCCNDSVEuSVFUNDYyMDQ5NTcuSVFfQ0RTX01JRC4xNS8wNy8yNgEAAAAhFQYAAgAAAAc1NC42ODc0AOe+c4LZ694IJjpTsNnr3ggjQ0lRLklRVDYyMjcwMTA2LklRX0NEU19NSUQuMTUvMDcvMjYBAAAArXeDAAIAAAAHNzUuMjEwNwDW7+yB2eveCG64U7DZ694II0NJUS5JUVQ3OTY0MDAyNC5JUV9DRFNfTUlELjI3LzA3LzI1AQAAADWPmwECAAAABjEw | CA1: LjQ3NgB9XHOC2eveCM2YTbDZ694IJENJUS5JUVQzMTMzMDU4NzkuSVFfQ0RTX01JRC4yNy8wNy8yNQEAAACE1twBAgAAAAYzLjI3MjYAcJdzgtnr3giM/E2w2eveCCNDSVEuSVFUNDYyMDA0MTIuSVFfQ0RTX01JRC4yNy8wNy8yNQEAAABjQwYAAgAAAAY1Mi4xMjQAmg10gtnr3ghQS06w2eveCCNDSVEuSVFUNDYyMDMzMzIuSVFfQ0RTX01JRC4yMS8wNy8yNgEAAABfHjcAAgAAAAcxMS4xNjY3AEw1c4LZ694IMu5KsNnr3ggjQ0lRLklRVDQ2MjE1MTExLklRX0NEU19NSUQuMjEvMDcvMjYBAAAAoEuyAQIAAAAHMzcuMzM5MwBwl3OC2eveCFA8S7DZ694II0NJUS5JUVQ0NjIyNjEzMi5JUV9DRFNfTUlELjIxLzA3LzI2AQAAAN1ZAAACAAAABTQ0Ljc0AJLmc4LZ694Ir6RLsNnr3ggkQ0lRLklRVDMxMzMxMzUyNC5JUV9DRFNfTUlELjIxLzA3LzI2AQAAAO9VDQACAAAABzU5Ljk2OTMA1u/sgdnr3gj4+0uw2eveCCNDSVEuSVFUNzk2Mzk5MTMuSVFfQ0RTX01JRC4yMC8wNy8yNgEAAAAgYxwCAgAAAAU4LjEyNQB9XHOC2eveCHr8TrDZ694II0NJUS5JUVQ0NjIwNzg3Mi5JUV9DRFNfTUlELjIwLzA3LzI2AQAAAFgNCgACAAAABzQwLjgwMDYA575zgtnr3gj7d0+w2eveCCNDSVEuSVFUNDYyMDAzMTcuSVFfQ0RTX01JRC4yMC8wNy8yNgEAAAD+VA0AAgAAAAc2Mi4xNjU4AMzI7IHZ694IDKNPsNnr3ggkQ0lRLklR | CB1: VDY0NDcwMTc5Ny5JUV9DRFNfTUlELjE5LzA3LzI2AQAAAFM/fQECAAAABzEwLjM4MTcATDVzgtnr3gi5Y0iw2eveCCNDSVEuSVFUNDYyMTY5ODYuSVFfQ0RTX01JRC4xOS8wNy8yNgEAAADORDgBAwAAAAAAcJdzgtnr3gi5Y0iw2eveCCRDSVEuSVFUMjU0OTU1MjMzLklRX0NEU19NSUQuMTkvMDcvMjYBAAAAOVYKAAIAAAAHNDMuMzM4NgCaDXSC2eveCLljSLDZ694II0NJUS5JUVQ0NjE5NjIyNS5JUV9DRFNfTUlELjE4LzA3LzI2AQAAAL5VowECAAAABjE3LjM3NQBMNXOC2eveCMUiTLDZ694II0NJUS5JUVQ1MTAyMzI2MC5JUV9DRFNfTUlELjE4LzA3LzI2AQAAALERfwECAAAABzE0LjA0NTgAgINzgtnr3ghhl0yw2eveCCNDSVEuSVFUNDYyMjQ3NDAuSVFfQ0RTX01JRC4xOC8wNy8yNgEAAADTcggAAgAAAAczNS4yMzM3AJLmc4LZ694IywBNsNnr3ggkQ0lRLklRVDMxMzMxNzM0NC5JUV9DRFNfTUlELjE4LzA3LzI2AQAAAPGsAQACAAAABzYwLjgxMjMA1u/sgdnr3gj8SU2w2eveCCRDSVEuSVFUMzEzMzE3MzQ0LklRX0NEU19NSUQuMTUvMDcvMjYBAAAA8awBAAIAAAAHNjAuNTIwNgDW7+yB2eveCG64U7DZ694IJENJUS5JUVQyNjMyMTMxMzIuSVFfQ0RTX01JRC4yMS8wNy8yNgEAAADhmggAAgAAAAY1NS4xMjUAmg10gtnr3git0kuw2eveCCNDSVEuSVFUNDYyMjAzMjkuSVFfQ0RTX01JRC4yMC8wNy8y | CC1: NgEAAADbWwAAAgAAAAI1NgDW7+yB2eveCAyjT7DZ694II0NJUS5JUVQ0NjIwNzMwOC5JUV9DRFNfTUlELjE4LzA3LzI2AQAAADmJegECAAAABzE0LjU2MjUATDVzgtnr3gjeSUyw2eveCCNDSVEuSVFUNDYyMTAwMzIuSVFfQ0RTX01JRC4xOC8wNy8yNgEAAACPVaMBAgAAAAczNy4zMDUxAHCXc4LZ694IYZdMsNnr3ggjQ0lRLklRVDQ2MjI1Mzc0LklRX0NEU19NSUQuMTgvMDcvMjYBAAAAtdYFAAIAAAAHMzkuMDM2NwCS5nOC2eveCMsATbDZ694II0NJUS5JUVQ0OTc1MTE5Ni5JUV9DRFNfTUlELjE2LzA3LzI2AQAAAM2ZvQACAAAABzQxLjkzODMATDVzgtnr3ghtzVCw2eveCCNDSVEuSVFUNDYyMTg2NzQuSVFfQ0RTX01JRC4xMy8wNy8yNgEAAABXyjYAAgAAAAgxMjQuMzgxNgDnvnOC2eveCD7KVbDZ694II0NJUS5JUVQ0NjIwNDg4NC5JUV9DRFNfTUlELjI3LzA3LzI2AQAAAIFRwAECAAAABzI5LjgzMzMATDVzgtnr3gjLr1ew2eveCCNDSVEuSVFUNDYyMDc3ODkuSVFfQ0RTX01JRC4yNy8wNy8yNgEAAAAqWKMBAgAAAAcyNy4xMTIzAHCXc4LZ694IKf9XsNnr3ggjQ0lRLklRVDQ2MjEwNTYwLklRX0NEU19NSUQuMjQvMDcvMjYBAAAA9ho3AAIAAAAHODcuODAxMQBODnOC2eveCNJRRbDZ694II0NJUS5JUVQ0NjIwMDM2NC5JUV9DRFNfTUlELjI2LzA3LzI2AQAAAFeGCAACAAAABzI1LjU5MjQAmg10gtnr | CD1: 3gjJwVmw2eveCCNDSVEuSVFUNjAzODgwNTcuSVFfQ0RTX01JRC4yNS8wNy8yNgEAAADfyX0BAwAAAAAAcJdzgtnr3giXE0Sw2eveCCRDSVEuSVFUMzEzMzEwMTg0LklRX0NEU19NSUQuMjMvMDcvMjYBAAAAYEQ+AAIAAAAHMTAuOTc5NABODnOC2eveCDgMR7DZ694II0NJUS5JUVQ0NjIxNDk1NC5JUV9DRFNfTUlELjE0LzA3LzI2AQAAADo9OQECAAAABTE0LjM1AH1cc4LZ694I2QRUsNnr3ggjQ0lRLklRVDQ2MjA4NjM0LklRX0NEU19NSUQuMTQvMDcvMjYBAAAAAx/CAAIAAAAHMjIuNTI1OABwl3OC2eveCGJUVLDZ694II0NJUS5JUVQ0NjIyNTA4My5JUV9DRFNfTUlELjE0LzA3LzI2AQAAAFZEBgACAAAABDM3LjUAmg10gtnr3ggF4FSw2eveCCNDSVEuSVFUNDYyMDM3MTQuSVFfQ0RTX01JRC4yNy8wNC8yNgEAAABfBTUAAgAAAAcyNy44NDc3AEw1c4LZ694IFn1WsNnr3ggkQ0lRLklRVDUyODkzNjgxMi5JUV9DRFNfTUlELjI3LzA0LzI2AQAAAGxbBgACAAAABzU1Ljg3OTkAkuZzgtnr3ghvI1ew2eveCCNDSVEuSVFUNTEwMjM0ODAuSVFfQ0RTX01JRC4yMi8wNy8yNgEAAADCRfEBAgAAAAY0LjY4NTIAgINzgtnr3gjeAkqw2eveCCNDSVEuSVFUNDYyMDA0MTIuSVFfQ0RTX01JRC4xNy8wNy8yNgEAAABjQwYAAgAAAAc0NS44MzMzAJoNdILZ694Ibc1QsNnr3ggjQ0lRLklRVDQ2MjAzMzMyLklRX0NEU19N | CE1: SUQuMTUvMDcvMjYBAAAAXx43AAIAAAAHMTEuMTY2NwBMNXOC2eveCE6DUrDZ694II0NJUS5JUVQ0NjIyNjEzMi5JUV9DRFNfTUlELjE1LzA3LzI2AQAAAN1ZAAACAAAABzQyLjEyODkAkuZzgtnr3gh8aFOw2eveCCRDSVEuSVFUNjQ0NzAxNzk3LklRX0NEU19NSUQuMjEvMDcvMjYBAAAAUz99AQIAAAAHMTAuMzMyNABMNXOC2eveCEAVS7DZ694II0NJUS5JUVQ0NjE5NjIyNS5JUV9DRFNfTUlELjIwLzA3LzI2AQAAAL5VowECAAAABjE3LjM3NQBMNXOC2eveCJ2tTrDZ694II0NJUS5JUVQ1MTAyMzI2MC5JUV9DRFNfTUlELjIwLzA3LzI2AQAAALERfwECAAAABzE0LjA2MzIAgINzgtnr3ghwI0+w2eveCCNDSVEuSVFUNDYyMjQ3NDAuSVFfQ0RTX01JRC4yMC8wNy8yNgEAAADTcggAAgAAAAUzNS4zMgCS5nOC2eveCPt3T7DZ694II0NJUS5JUVQ0NjE5NTQ5MS5JUV9DRFNfTUlELjE5LzA3LzI2AQAAAGlKAAACAAAABzU1LjYxNzYA575zgtnr3gi5Y0iw2eveCCNDSVEuSVFUNDYyMDc1NzEuSVFfQ0RTX01JRC4xOC8wNy8yNgEAAABt7zUAAgAAAAczMC4yOTE3AEw1c4LZ694I3klMsNnr3ggjQ0lRLklRVDQ2MjEzNDcyLklRX0NEU19NSUQuMTgvMDcvMjYBAAAAuVo4AAIAAAACMTUAcJdzgtnr3ghhl0yw2eveCCNDSVEuSVFUNDk3NTExOTYuSVFfQ0RTX01JRC4yMi8wNy8yNgEAAADNmb0AAgAAAAc0MS4xOTUy | CF1: AEw1c4LZ694IuWNIsNnr3ggkQ0lRLklRVDMxMzMxNTQyOS5JUV9DRFNfTUlELjIyLzA3LzI2AQAAADnnBQACAAAABzYyLjE3MTMA1u/sgdnr3ggjx0qw2eveCCNDSVEuSVFUNDYyMTg2NzQuSVFfQ0RTX01JRC4xNy8wNy8yNgEAAABXyjYAAgAAAAgxMjkuMjc4NQDnvnOC2eveCK0IULDZ694II0NJUS5JUVQ0NjIwNDg4NC5JUV9DRFNfTUlELjE1LzA3LzI2AQAAAIFRwAECAAAABzI5LjQzNzUATDVzgtnr3ghgqlKw2eveCCNDSVEuSVFUNDYyMDc3ODkuSVFfQ0RTX01JRC4xNS8wNy8yNgEAAAAqWKMBAgAAAAYyNi40MTEAcJdzgtnr3ghJEFOw2eveCCRDSVEuSVFUMjg2MDk2MTMxLklRX0NEU19NSUQuMTUvMDcvMjYBAAAAO/EEAAIAAAAHNjAuNjY0NACS5nOC2eveCHxoU7DZ694II0NJUS5JUVQ0NjIyMzY0Ni5JUV9DRFNfTUlELjI3LzA3LzI1AQAAABt4BAACAAAABzQ4LjA0NDMA575zgtnr3gjgJE6w2eveCCNDSVEuSVFUNDYyMDAzNjQuSVFfQ0RTX01JRC4yMS8wNy8yNgEAAABXhggAAgAAAAYyNS4wNzUAmg10gtnr3git0kuw2eveCCNDSVEuSVFUNDYyMDQzMDAuSVFfQ0RTX01JRC4yMC8wNy8yNgEAAAD2JX0AAgAAAAY3LjEwMDIATDVzgtnr3ggd1k6w2eveCCNDSVEuSVFUNjAzODgwNTcuSVFfQ0RTX01JRC4yMC8wNy8yNgEAAADfyX0BAwAAAAAAcJdzgtnr3ghwI0+w2eveCCNDSVEuSVFUNDYyMTQ4 | CG1: NzkuSVFfQ0RTX01JRC4xOS8wNy8yNgEAAAD1GjcAAgAAAAc1MC45MTM0AICDc4LZ694IuWNIsNnr3ggjQ0lRLklRVDQ2NDcwODc3LklRX0NEU19NSUQuMTkvMDcvMjYBAAAAQjcHAAIAAAAGNTguMzE0AOe+c4LZ694IuWNIsNnr3ggjQ0lRLklRVDQ2MjE0OTU0LklRX0NEU19NSUQuMTgvMDcvMjYBAAAAOj05AQIAAAAEMTQuNAB9XHOC2eveCN5JTLDZ694II0NJUS5JUVQ0NjIwODYzNC5JUV9DRFNfTUlELjE4LzA3LzI2AQAAAAMfwgACAAAABjIyLjgyNQBwl3OC2eveCDe/TLDZ694II0NJUS5JUVQ0NjIyNTA4My5JUV9DRFNfTUlELjE4LzA3LzI2AQAAAFZEBgACAAAABDM2LjUAmg10gtnr3gj9Ik2w2eveCCNDSVEuSVFUNDYyMDAyNzYuSVFfQ0RTX01JRC4xNy8wNy8yNgEAAACWd3wBAgAAAAcyOS41MTAzAH1cc4LZ694IrQhQsNnr3ggjQ0lRLklRVDQ2MjA3NTcxLklRX0NEU19NSUQuMTUvMDcvMjYBAAAAbe81AAIAAAAFMjkuODUATDVzgtnr3ghgqlKw2eveCCNDSVEuSVFUNDYyMTM0NzIuSVFfQ0RTX01JRC4xNS8wNy8yNgEAAAC5WjgAAgAAAAIxNQBwl3OC2eveCEkQU7DZ694II0NJUS5JUVQ0NjE5NDk5NS5JUV9DRFNfTUlELjI3LzA3LzI1AQAAAG4QMQACAAAAAjE1AEw1c4LZ694IfnJNsNnr3ggjQ0lRLklRVDQ2MjIyMjkyLklRX0NEU19NSUQuMjcvMDcvMjUBAAAA0ZGbAQIAAAAKMTQ3ODcuMzI5 | CH1: MwCAg3OC2eveCM2/TbDZ694II0NJUS5JUVQ0NjIyNTAwNi5JUV9DRFNfTUlELjI3LzA3LzI1AQAAAPhVDQACAAAABzQxLjU2NzYAkuZzgtnr3gjgJE6w2eveCCNDSVEuSVFUNDYyMjAzMjkuSVFfQ0RTX01JRC4yNy8wNy8yNQEAAADbWwAAAgAAAAc0NC41MzM2ANbv7IHZ694IuYhOsNnr3ggjQ0lRLklRVDQ2MjA3MzA4LklRX0NEU19NSUQuMjAvMDcvMjYBAAAAOYl6AQIAAAAEMTQuNQBMNXOC2eveCB3WTrDZ694II0NJUS5JUVQ2MDM4OTUxNi5JUV9DRFNfTUlELjE5LzA3LzI2AQAAAKXwwwECAAAABjcuMjQ3NwCAg3OC2eveCLljSLDZ694II0NJUS5JUVQ0NjIwNjc3OS5JUV9DRFNfTUlELjE4LzA3LzI2AQAAAPzvNgACAAAABDE2LjUAfVxzgtnr3ghEcEyw2eveCCNDSVEuSVFUNDYyMjU3MTUuSVFfQ0RTX01JRC4xOC8wNy8yNgEAAAC35QQAAgAAAAc0My40MzM5AJoNdILZ694I/SJNsNnr3ggjQ0lRLklRVDQ2MjEwMDMyLklRX0NEU19NSUQuMTYvMDcvMjYBAAAAj1WjAQIAAAAGMzYuNjc1AHCXc4LZ694IdL9RsNnr3ggjQ0lRLklRVDQ2MjA0ODg0LklRX0NEU19NSUQuMjQvMDcvMjYBAAAAgVHAAQIAAAAHMjkuODMzMwBMNXOC2eveCNJRRbDZ694II0NJUS5JUVQ0NjIxOTkyMi5JUV9DRFNfTUlELjI2LzA3LzI2AQAAANZHOQECAAAABjYuNjg2MgCAg3OC2eveCI4nWbDZ694II0NJUS5JUVQ3OTY0MDAy | CI1: NC5JUV9DRFNfTUlELjE1LzA3LzI2AQAAADWPmwECAAAABTcuODc1AH1cc4LZ694IYKpSsNnr3ggjQ0lRLklRVDQ2MjE1MTExLklRX0NEU19NSUQuMjcvMDcvMjUBAAAAoEuyAQIAAAAHNDAuODc5OABwl3OC2eveCDvnTbDZ694IJENJUS5JUVQyNTQ5NTUyMzMuSVFfQ0RTX01JRC4yMC8wNy8yNgEAAAA5VgoAAgAAAAc0My4yMDA4AJoNdILZ694IDKNPsNnr3ggjQ0lRLklRVDQ2MjAwMjc2LklRX0NEU19NSUQuMTYvMDcvMjYBAAAAlnd8AQIAAAAHMjkuODI4OAB9XHOC2eveCPSXUbDZ694II0NJUS5JUVQ0NjE5NTQ5MS5JUV9DRFNfTUlELjE2LzA3LzI2AQAAAGlKAAACAAAABzU0LjkzMzQA575zgtnr3gie5lGw2eveCCNDSVEuSVFUNzk2MzQ5MDEuSVFfQ0RTX01JRC4xNi8wNy8yNgEAAACcBhAAAgAAAAc0MS4wNTI1AJoNdILZ694IlFtSsNnr3ggjQ0lRLklRVDQ2MjA3NTcxLklRX0NEU19NSUQuMTMvMDcvMjYBAAAAbe81AAIAAAAHMjkuMTUyNwBMNXOC2eveCBVVVbDZ694II0NJUS5JUVQ0NjIxMzQ3Mi5JUV9DRFNfTUlELjEzLzA3LzI2AQAAALlaOAACAAAABjE0Ljk3MwBwl3OC2eveCCyjVbDZ694IJENJUS5JUVQyNjMyMTMxMzIuSVFfQ0RTX01JRC4xMy8wNy8yNgEAAADhmggAAgAAAAc1NS4zMjk3AJoNdILZ694IVPFVsNnr3ggjQ0lRLklRVDQ2MTk0OTk1LklRX0NEU19NSUQuMjcvMDcvMjYBAAAA | CJ1: bhAxAAIAAAAHMTEuMTgyNABMNXOC2eveCJKaV7DZ694II0NJUS5JUVQ0NjIyMjI5Mi5JUV9DRFNfTUlELjI3LzA3LzI2AQAAANGRmwECAAAACDc3Ny4xNjI0AICDc4LZ694IKf9XsNnr3ggjQ0lRLklRVDQ2MjI1MDA2LklRX0NEU19NSUQuMjcvMDcvMjYBAAAA+FUNAAIAAAAGNDQuNzEyAJLmc4LZ694IPk1YsNnr3ggjQ0lRLklRVDQ2MjIwMzI5LklRX0NEU19NSUQuMjcvMDcvMjYBAAAA21sAAAIAAAAGNTYuNjc0ANbv7IHZ694I78FYsNnr3ggjQ0lRLklRVDQ2MjYyMzc4LklRX0NEU19NSUQuMjQvMDcvMjYBAAAAQNKJAQIAAAACMTgAfVxzgtnr3gjSUUWw2eveCCNDSVEuSVFUNDYxOTc2OTQuSVFfQ0RTX01JRC4yNC8wNy8yNgEAAAAH+gUAAgAAAAc1My45ODY4AOe+c4LZ694Ip4JGsNnr3ggjQ0lRLklRVDYyMjcwMTA3LklRX0NEU19NSUQuMjQvMDcvMjYBAAAAFVkAAAIAAAAHNDIuNDExNQCaDXSC2eveCGrnRrDZ694II0NJUS5JUVQ0NjIwNzMwOC5JUV9DRFNfTUlELjI2LzA3LzI2AQAAADmJegECAAAABzE0LjU2MjUATDVzgtnr3gj66Fiw2eveCCNDSVEuSVFUNDYyMTAwMzIuSVFfQ0RTX01JRC4yNi8wNy8yNgEAAACPVaMBAgAAAAczOC4xOTQ1AHCXc4LZ694IjUxZsNnr3ggjQ0lRLklRVDQ2MjI1Mzc0LklRX0NEU19NSUQuMjYvMDcvMjYBAAAAtdYFAAIAAAAHMzkuNTU0NACS5nOC2eveCDmcWbDZ | CK1: 694II0NJUS5JUVQ0OTc1MTE5Ni5JUV9DRFNfTUlELjI1LzA3LzI2AQAAAM2ZvQACAAAABzQwLjU3MDYATg5zgtnr3giXE0Sw2eveCCNDSVEuSVFUNjAzODk1MTYuSVFfQ0RTX01JRC4yNS8wNy8yNgEAAACl8MMBAgAAAAY3LjI0NzEAgINzgtnr3giXE0Sw2eveCCRDSVEuSVFUMzIzNjgwMTMwLklRX0NEU19NSUQuMjUvMDcvMjYBAAAAceECAAIAAAAHNTIuNDkzOACS5nOC2eveCNJRRbDZ694IJENJUS5JUVQzMTMzMTU0MjkuSVFfQ0RTX01JRC4yNS8wNy8yNgEAAAA55wUAAgAAAAc2Mi41MDY3ANbv7IHZ694I0lFFsNnr3ggjQ0lRLklRVDQ2MjA2Nzc5LklRX0NEU19NSUQuMjMvMDcvMjYBAAAA/O82AAIAAAAHMTYuMzMzMwB9XHOC2eveCElaR7DZ694II0NJUS5JUVQ0NjIxODY3NC5JUV9DRFNfTUlELjIzLzA3LzI2AQAAAFfKNgACAAAACDEzMy42MTA4AOe+c4LZ694IYahHsNnr3ggjQ0lRLklRVDQ2MjI1NzE1LklRX0NEU19NSUQuMjMvMDcvMjYBAAAAt+UEAAIAAAAHNDMuNDQwNwCaDXSC2eveCJL/R7DZ694II0NJUS5JUVQ0NjIwNDg4NC5JUV9DRFNfTUlELjE0LzA3LzI2AQAAAIFRwAECAAAABzI5LjM1MDcATDVzgtnr3gjZBFSw2eveCCNDSVEuSVFUNDYyMDc3ODkuSVFfQ0RTX01JRC4xNC8wNy8yNgEAAAAqWKMBAgAAAAcyNi41ODg2AHCXc4LZ694IYlRUsNnr3ggkQ0lRLklRVDI4NjA5NjEzMS5J | CL1: UV9DRFNfTUlELjE0LzA3LzI2AQAAADvxBAACAAAABzYwLjkwMDcAkuZzgtnr3gjnuFSw2eveCCNDSVEuSVFUNDYyMTA1NjAuSVFfQ0RTX01JRC4yNy8wNC8yNgEAAAD2GjcAAgAAAAc4OC45NDM3AE4Oc4LZ694ImFZWsNnr3ggjQ0lRLklRVDQ2MjE5OTIyLklRX0NEU19NSUQuMjcvMDQvMjYBAAAA1kc5AQIAAAAGOC4wODMzAICDc4LZ694I+KNWsNnr3ggjQ0lRLklRVDQ2MjIzNjQ2LklRX0NEU19NSUQuMjcvMDQvMjYBAAAAG3gEAAIAAAAHNTQuMzY1OADnvnOC2eveCG8jV7DZ694IJENJUS5JUVQzMTMzMTQ5NzYuSVFfQ0RTX01JRC4yNy8wNC8yNgEAAABtSgAAAgAAAAI1NQDW7+yB2eveCIdzV7DZ694II0NJUS5JUVQ0NjIxODUxNi5JUV9DRFNfTUlELjIyLzA3LzI2AQAAAKZVowECAAAABzM1LjExNTgAfVxzgtnr3gi5Y0iw2eveCCNDSVEuSVFUNDYyMjA4MDMuSVFfQ0RTX01JRC4yMi8wNy8yNgEAAADWyTYAAgAAAAc0My4wODQxAOe+c4LZ694ISipKsNnr3ggjQ0lRLklRVDQ2MjAwMzY0LklRX0NEU19NSUQuMjIvMDcvMjYBAAAAV4YIAAIAAAAEMjUuMQCaDXSC2eveCBigSrDZ694II0NJUS5JUVQ0NjIwNDMwMC5JUV9DRFNfTUlELjE3LzA3LzI2AQAAAPYlfQACAAAABjcuMTAwOQBMNXOC2eveCK0IULDZ694II0NJUS5JUVQ2MDM4ODA1Ny5JUV9DRFNfTUlELjE3LzA3LzI2AQAAAN/JfQEDAAAAAABw | CM1: l3OC2eveCK0IULDZ694II0NJUS5JUVQ0NjE5OTg0MS5JUV9DRFNfTUlELjE3LzA3LzI2AQAAAOswBgADAAAAAACS5nOC2eveCG3NULDZ694IJENJUS5JUVQzMTMzMTAxODQuSVFfQ0RTX01JRC4xNS8wNy8yNgEAAABgRD4AAgAAAAcxMS4xNDQ0AE4Oc4LZ694IToNSsNnr3ggjQ0lRLklRVDQ2MjE0ODc5LklRX0NEU19NSUQuMTUvMDcvMjYBAAAA9Ro3AAIAAAAHNTAuNTUzNQCAg3OC2eveCGzRUrDZ694II0NJUS5JUVQ0NjQ3MDg3Ny5JUV9DRFNfTUlELjE1LzA3LzI2AQAAAEI3BwACAAAABzU3LjIzNjgA575zgtnr3ggmOlOw2eveCCRDSVEuSVFUMzEzMzEwODU0LklRX0NEU19NSUQuMTUvMDcvMjYBAAAAr1QNAAIAAAAENjEuNQDW7+yB2eveCG64U7DZ694II0NJUS5JUVQ0NjIxNDk1NC5JUV9DRFNfTUlELjI3LzA3LzI1AQAAADo9OQECAAAABjIyLjg3NQB9XHOC2eveCM2YTbDZ694II0NJUS5JUVQ0NjIwODYzNC5JUV9DRFNfTUlELjI3LzA3LzI1AQAAAAMfwgACAAAABzIyLjU3NDMAcJdzgtnr3giM/E2w2eveCCNDSVEuSVFUNDYyMjUwODMuSVFfQ0RTX01JRC4yNy8wNy8yNQEAAABWRAYAAgAAAAc0Mi4yODEyAJoNdILZ694IUEtOsNnr3ggjQ0lRLklRVDQ2MjAzNzE0LklRX0NEU19NSUQuMjEvMDcvMjYBAAAAXwU1AAIAAAAFMzEuNDUATDVzgtnr3ggy7kqw2eveCCNDSVEuSVFUNzk2Mzk5NTMuSVFf | CN1: Q0RTX01JRC4yMS8wNy8yNgEAAAA0m1YBAgAAAAcyNC45MjUyAHCXc4LZ694IUDxLsNnr3ggkQ0lRLklRVDUyODkzNjgxMi5JUV9DRFNfTUlELjIxLzA3LzI2AQAAAGxbBgACAAAABzQ3LjAxNzQAkuZzgtnr3givpEuw2eveCCNDSVEuSVFUNDYxOTcxMzguSVFfQ0RTX01JRC4yMC8wNy8yNgEAAADulDgBAgAAAAgxMjQuMDMwNABODnOC2eveCJ2tTrDZ694II0NJUS5JUVQ1MTAyMzQ4MC5JUV9DRFNfTUlELjIwLzA3LzI2AQAAAMJF8QECAAAABTQuNjk2AICDc4LZ694IevxOsNnr3ggjQ0lRLklRVDQ2MjA0OTU3LklRX0NEU19NSUQuMjAvMDcvMjYBAAAAIRUGAAIAAAAHNTUuMjI2NQDnvnOC2eveCPt3T7DZ694II0NJUS5JUVQ2MjI3MDEwNi5JUV9DRFNfTUlELjIwLzA3LzI2AQAAAK13gwACAAAABjc0LjYyMgDW7+yB2eveCAyjT7DZ694II0NJUS5JUVQ3OTY0MDAyNC5JUV9DRFNfTUlELjE5LzA3LzI2AQAAADWPmwECAAAABjcuODMzMwB9XHOC2eveCLljSLDZ694IJENJUS5JUVQzMTMzMDU4NzkuSVFfQ0RTX01JRC4xOS8wNy8yNgEAAACE1twBAgAAAAYyLjMzMzQAcJdzgtnr3gi5Y0iw2eveCCNDSVEuSVFUNDYyMDA0MTIuSVFfQ0RTX01JRC4xOS8wNy8yNgEAAABjQwYAAgAAAAc0NS44MzMzAJoNdILZ694IuWNIsNnr3ggjQ0lRLklRVDQ2MjAzMzMyLklRX0NEU19NSUQuMTgvMDcvMjYBAAAAXx43AAIA | CO1: AAAHMTEuMTY2NwBMNXOC2eveCMUiTLDZ694II0NJUS5JUVQ0NjIxNTExMS5JUV9DRFNfTUlELjE4LzA3LzI2AQAAAKBLsgECAAAABzM3LjY5MTUAcJdzgtnr3ghhl0yw2eveCCNDSVEuSVFUNDYyMjYxMzIuSVFfQ0RTX01JRC4xOC8wNy8yNgEAAADdWQAAAgAAAAc0My44ODExAJLmc4LZ694IywBNsNnr3ggkQ0lRLklRVDMxMzMxMzUyNC5JUV9DRFNfTUlELjE4LzA3LzI2AQAAAO9VDQACAAAABzYwLjAwNjYA1u/sgdnr3gj8SU2w2eveCCRDSVEuSVFUMzEzMzE1NDI5LklRX0NEU19NSUQuMjcvMDQvMjYBAAAAOecFAAIAAAAHNjEuMDAxMwDW7+yB2eveCIdzV7DZ694II0NJUS5JUVQ0NjIwNjc3OS5JUV9DRFNfTUlELjIyLzA3LzI2AQAAAPzvNgACAAAABzE2LjAxOTkAfVxzgtnr3gi5Y0iw2eveCCNDSVEuSVFUNDYyMTg2NzQuSVFfQ0RTX01JRC4yMi8wNy8yNgEAAABXyjYAAgAAAAgxMjkuNTg5NwDnvnOC2eveCGVRSrDZ694II0NJUS5JUVQ0NjIyNTcxNS5JUV9DRFNfTUlELjIyLzA3LzI2AQAAALflBAACAAAABjQzLjQyNgCaDXSC2eveCBigSrDZ694II0NJUS5JUVQ0NjIwNDg4NC5JUV9DRFNfTUlELjE3LzA3LzI2AQAAAIFRwAECAAAABjI5LjYyNQBMNXOC2eveCK0IULDZ694II0NJUS5JUVQ0NjIwNzc4OS5JUV9DRFNfTUlELjE3LzA3LzI2AQAAACpYowECAAAABzI2LjY4NzkAcJdzgtnr3gitCFCw | CP1: 2eveCCRDSVEuSVFUMjg2MDk2MTMxLklRX0NEU19NSUQuMTcvMDcvMjYBAAAAO/EEAAIAAAAHNjAuNjY2NwCS5nOC2eveCG3NULDZ694II0NJUS5JUVQ0NjIxMDU2MC5JUV9DRFNfTUlELjE1LzA3LzI2AQAAAPYaNwACAAAABzg1LjQzNjgATg5zgtnr3ghOg1Kw2eveCCNDSVEuSVFUNDYyMTk5MjIuSVFfQ0RTX01JRC4xNS8wNy8yNgEAAADWRzkBAgAAAAY2LjgzMjIAgINzgtnr3ghs0VKw2eveCCNDSVEuSVFUNDYyMjM2NDYuSVFfQ0RTX01JRC4xNS8wNy8yNgEAAAAbeAQAAgAAAAc0OS43ODgxAOe+c4LZ694IJjpTsNnr3ggkQ0lRLklRVDMxMzMxNDk3Ni5JUV9DRFNfTUlELjE1LzA3LzI2AQAAAG1KAAACAAAABDU2LjUA1u/sgdnr3ghuuFOw2eveCCNDSVEuSVFUNDYyMTQ4NzkuSVFfQ0RTX01JRC4yMC8wNy8yNgEAAAD1GjcAAgAAAAc1MS4wNTg0AICDc4LZ694IcCNPsNnr3ggjQ0lRLklRVDQ2MjE0OTU0LklRX0NEU19NSUQuMTkvMDcvMjYBAAAAOj05AQIAAAAEMTQuNAB9XHOC2eveCLljSLDZ694II0NJUS5JUVQ0NjIwODYzNC5JUV9DRFNfTUlELjE5LzA3LzI2AQAAAAMfwgACAAAABjIyLjgyNQBwl3OC2eveCLljSLDZ694II0NJUS5JUVQ0NjIwMzcxNC5JUV9DRFNfTUlELjE4LzA3LzI2AQAAAF8FNQACAAAABTMxLjQ1AEw1c4LZ694IxSJMsNnr3ggkQ0lRLklRVDUyODkzNjgxMi5JUV9DRFNfTUlE | CQ1: LjE4LzA3LzI2AQAAAGxbBgACAAAABzQ3Ljk1OTQAkuZzgtnr3gjLAE2w2eveCCNDSVEuSVFUNDYyMjQ3NDAuSVFfQ0RTX01JRC4yNS8wNy8yNgEAAADTcggAAgAAAAczNi42MzU0AJLmc4LZ694I0lFFsNnr3ggjQ0lRLklRVDQ2MjA3NTcxLklRX0NEU19NSUQuMTQvMDcvMjYBAAAAbe81AAIAAAAHMjkuODQ1NgBMNXOC2eveCNkEVLDZ694II0NJUS5JUVQ0NjE5NDk5NS5JUV9DRFNfTUlELjI3LzA0LzI2AQAAAG4QMQACAAAABzEzLjE4NzUATDVzgtnr3giYVlaw2eveCCNDSVEuSVFUNDYyMjIyOTIuSVFfQ0RTX01JRC4yNy8wNC8yNgEAAADRkZsBAgAAAAg3NzIuODY0NwCAg3OC2eveCAPLVrDZ694II0NJUS5JUVQ0NjIyMDMyOS5JUV9DRFNfTUlELjI3LzA0LzI2AQAAANtbAAACAAAAAjU1ANbv7IHZ694Ih3NXsNnr3ggjQ0lRLklRVDQ2MjYyMzc4LklRX0NEU19NSUQuMjIvMDcvMjYBAAAAQNKJAQIAAAAGMTguMTI1AH1cc4LZ694IM+9JsNnr3ggjQ0lRLklRVDQ2MjA3MzA4LklRX0NEU19NSUQuMTcvMDcvMjYBAAAAOYl6AQIAAAAHMTQuNTYyNQBMNXOC2eveCK0IULDZ694II0NJUS5JUVQ0NjIyNTM3NC5JUV9DRFNfTUlELjE3LzA3LzI2AQAAALXWBQACAAAABzM5LjAzNjcAkuZzgtnr3ghtzVCw2eveCCNDSVEuSVFUNDYyMjIyOTIuSVFfQ0RTX01JRC4yMC8wNy8yNgEAAADRkZsBAgAAAAc3NjEuMTQz | CR1: AICDc4LZ694IcCNPsNnr3ggjQ0lRLklRVDQ2MTk3Njk0LklRX0NEU19NSUQuMTkvMDcvMjYBAAAAB/oFAAIAAAAHNTMuNjY5MgDnvnOC2eveCLljSLDZ694II0NJUS5JUVQ2MjI3MDEwNy5JUV9DRFNfTUlELjE5LzA3LzI2AQAAABVZAAACAAAABzQxLjMxMjUAmg10gtnr3gi5Y0iw2eveCCNDSVEuSVFUNjAzODk1MTYuSVFfQ0RTX01JRC4xNi8wNy8yNgEAAACl8MMBAgAAAAY3LjI0ODgAgINzgtnr3gj0l1Gw2eveCCNDSVEuSVFUNzk2NDAwMjQuSVFfQ0RTX01JRC4xNy8wNy8yNgEAAAA1j5sBAgAAAAY3LjgzMzMAfVxzgtnr3gitCFCw2eveCCNDSVEuSVFUNDYyMTUxMTEuSVFfQ0RTX01JRC4xNS8wNy8yNgEAAACgS7IBAgAAAAczNy4wMzg2AHCXc4LZ694IbNFSsNnr3ggjQ0lRLklRVDQ2MjAwMzE3LklRX0NEU19NSUQuMjcvMDcvMjUBAAAA/lQNAAIAAAAHNjguMjk0MgDMyOyB2eveCLmITrDZ694II0NJUS5JUVQ0NjIwMDI3Ni5JUV9DRFNfTUlELjE5LzA3LzI2AQAAAJZ3fAECAAAABzI5LjUxMDMAfVxzgtnr3gi5Y0iw2eveCCNDSVEuSVFUNjAzODk1MTYuSVFfQ0RTX01JRC4yMi8wNy8yNgEAAACl8MMBAgAAAAU3LjI0MwCAg3OC2eveCN4CSrDZ694II0NJUS5JUVQ0NjIwNjc3OS5JUV9DRFNfTUlELjE3LzA3LzI2AQAAAPzvNgACAAAABDE2LjUAfVxzgtnr3gitCFCw2eveCCRDSVEuSVFUMzEzMzE0 | CS1: OTc2LklRX0NEU19NSUQuMjcvMDcvMjUBAAAAbUoAAAIAAAAHNDEuNDQzNQDW7+yB2eveCLmITrDZ694IJENJUS5JUVQzMTMzMTA4NTQuSVFfQ0RTX01JRC4xOS8wNy8yNgEAAACvVA0AAgAAAAc2MS4xNjY3ANbv7IHZ694IuWNIsNnr3ggkQ0lRLklRVDMxMzMxNzM0NC5JUV9DRFNfTUlELjIyLzA3LzI2AQAAAPGsAQACAAAABzYwLjM4NDIA1u/sgdnr3ggjx0qw2eveCCNDSVEuSVFUNDYyMDY3NzkuSVFfQ0RTX01JRC4yNy8wNy8yNgEAAAD87zYAAgAAAAcxNi40NzI2AH1cc4LZ694IMNhXsNnr3ggjQ0lRLklRVDQ2MTk3MTM4LklRX0NEU19NSUQuMTcvMDcvMjYBAAAA7pQ4AQIAAAAIMTI1LjQ3MzIATg5zgtnr3ggMo0+w2eveCCNDSVEuSVFUNDYyMjYxMzIuSVFfQ0RTX01JRC4xMy8wNy8yNgEAAADdWQAAAgAAAAU0MS44NgCS5nOC2eveCFTxVbDZ694II0NJUS5JUVQ0NjE5NTQ5MS5JUV9DRFNfTUlELjI1LzA3LzI2AQAAAGlKAAACAAAABzU2LjQxNTkA575zgtnr3giXE0Sw2eveCCNDSVEuSVFUNjAzODk1MTYuSVFfQ0RTX01JRC4xNy8wNy8yNgEAAACl8MMBAgAAAAY3LjI0NzcAgINzgtnr3gitCFCw2eveCCRDSVEuSVFUMjg2MDk2MTMxLklRX0NEU19NSUQuMjcvMDcvMjUBAAAAO/EEAAIAAAAHNjEuOTI0NACS5nOC2eveCFBLTrDZ694II0NJUS5JUVQ0NjIwNDMwMC5JUV9DRFNfTUlELjE5LzA3LzI2 | CT1: AQAAAPYlfQACAAAABjcuMTAwOQBMNXOC2eveCLljSLDZ694II0NJUS5JUVQ3OTYzOTkxMy5JUV9DRFNfTUlELjE2LzA3LzI2AQAAACBjHAICAAAABjcuODMzMwB9XHOC2eveCPSXUbDZ694II0NJUS5JUVQ0NjIwNzg3Mi5JUV9DRFNfTUlELjE2LzA3LzI2AQAAAFgNCgACAAAABzQwLjQ2NjcA575zgtnr3gie5lGw2eveCCNDSVEuSVFUNDYyMDAzMTcuSVFfQ0RTX01JRC4xNi8wNy8yNgEAAAD+VA0AAgAAAAY2My41OTUAzMjsgdnr3giUW1Kw2eveCCRDSVEuSVFUNjQ0NzAxNzk3LklRX0NEU19NSUQuMTMvMDcvMjYBAAAAUz99AQIAAAAGOS45OTY4AEw1c4LZ694IFVVVsNnr3ggjQ0lRLklRVDQ2MjE2OTg2LklRX0NEU19NSUQuMTMvMDcvMjYBAAAAzkQ4AQMAAAAAAHCXc4LZ694ILKNVsNnr3ggkQ0lRLklRVDI1NDk1NTIzMy5JUV9DRFNfTUlELjEzLzA3LzI2AQAAADlWCgACAAAABDQzLjEAmg10gtnr3ghoGFaw2eveCCNDSVEuSVFUNDYxOTYyMjUuSVFfQ0RTX01JRC4yNy8wNy8yNgEAAAC+VaMBAgAAAAcxNy41NTI0AEw1c4LZ694IkppXsNnr3ggjQ0lRLklRVDUxMDIzMjYwLklRX0NEU19NSUQuMjcvMDcvMjYBAAAAsRF/AQIAAAAHMTQuNjgxNgCAg3OC2eveCCn/V7DZ694II0NJUS5JUVQ0NjIyNDc0MC5JUV9DRFNfTUlELjI3LzA3LzI2AQAAANNyCAACAAAABzM2LjYzNTQAkuZzgtnr3gg+TViw2eve | CU1: CCRDSVEuSVFUMzEzMzE3MzQ0LklRX0NEU19NSUQuMjcvMDcvMjYBAAAA8awBAAIAAAAHNjEuMjkyOADW7+yB2eveCO/BWLDZ694II0NJUS5JUVQ0NjIwMDI3Ni5JUV9DRFNfTUlELjI0LzA3LzI2AQAAAJZ3fAECAAAABzI5LjI1NjMAfVxzgtnr3gjSUUWw2eveCCNDSVEuSVFUNDYxOTU0OTEuSVFfQ0RTX01JRC4yNC8wNy8yNgEAAABpSgAAAgAAAAc1Ni40MTU5AOe+c4LZ694Ip4JGsNnr3ggjQ0lRLklRVDc5NjM0OTAxLklRX0NEU19NSUQuMjQvMDcvMjYBAAAAnAYQAAIAAAAHNDEuMjE0NgCaDXSC2eveCGrnRrDZ694II0NJUS5JUVQ0NjIwNzU3MS5JUV9DRFNfTUlELjI2LzA3LzI2AQAAAG3vNQACAAAABDMwLjUATDVzgtnr3gj66Fiw2eveCCNDSVEuSVFUNDYyMTM0NzIuSVFfQ0RTX01JRC4yNi8wNy8yNgEAAAC5WjgAAgAAAAYxNS40MTIAcJdzgtnr3giNTFmw2eveCCRDSVEuSVFUMjYzMjEzMTMyLklRX0NEU19NSUQuMjYvMDcvMjYBAAAA4ZoIAAIAAAAHNTYuNTM5MQCaDXSC2eveCMnBWbDZ694II0NJUS5JUVQ0NjE5NDk5NS5JUV9DRFNfTUlELjI1LzA3LzI2AQAAAG4QMQACAAAABzExLjE4MjQATDVzgtnr3giXE0Sw2eveCCNDSVEuSVFUNDYyMjIyOTIuSVFfQ0RTX01JRC4yNS8wNy8yNgEAAADRkZsBAgAAAAg3NzcuMTYyNACAg3OC2eveCJcTRLDZ694II0NJUS5JUVQ0NjIyNTAwNi5JUV9DRFNf | CV1: TUlELjI1LzA3LzI2AQAAAPhVDQACAAAABjQ0LjcxMgCS5nOC2eveCNJRRbDZ694II0NJUS5JUVQ0NjIyMDMyOS5JUV9DRFNfTUlELjI1LzA3LzI2AQAAANtbAAACAAAABjU2LjY3NADW7+yB2eveCNJRRbDZ694II0NJUS5JUVQ0NjI2MjM3OC5JUV9DRFNfTUlELjIzLzA3LzI2AQAAAEDSiQECAAAABjE4LjEyNQB9XHOC2eveCElaR7DZ694II0NJUS5JUVQ0NjE5NzY5NC5JUV9DRFNfTUlELjIzLzA3LzI2AQAAAAf6BQACAAAABzUzLjQ1ODYA575zgtnr3ghhqEew2eveCCNDSVEuSVFUNjIyNzAxMDcuSVFfQ0RTX01JRC4yMy8wNy8yNgEAAAAVWQAAAgAAAAY0Mi4zNDEAmg10gtnr3giS/0ew2eveCCNDSVEuSVFUNDYyMDczMDguSVFfQ0RTX01JRC4xNC8wNy8yNgEAAAA5iXoBAgAAAAQxNC41AEw1c4LZ694I2QRUsNnr3ggjQ0lRLklRVDQ2MjEwMDMyLklRX0NEU19NSUQuMTQvMDcvMjYBAAAAj1WjAQIAAAAFMzcuMDUAcJdzgtnr3ghiVFSw2eveCCNDSVEuSVFUNDYyMjUzNzQuSVFfQ0RTX01JRC4xNC8wNy8yNgEAAAC11gUAAgAAAAczOC43NjU2AJoNdILZ694I57hUsNnr3ggjQ0lRLklRVDQ5NzUxMTk2LklRX0NEU19NSUQuMjcvMDQvMjYBAAAAzZm9AAIAAAAHMzguNjM0OABMNXOC2eveCJhWVrDZ694II0NJUS5JUVQ2MDM4OTUxNi5JUV9DRFNfTUlELjI3LzA0LzI2AQAAAKXwwwECAAAABTcuODgxAICD | CW1: c4LZ694IA8tWsNnr3ggkQ0lRLklRVDMyMzY4MDEzMC5JUV9DRFNfTUlELjI3LzA0LzI2AQAAAHHhAgACAAAABzU1LjM1MjMAkuZzgtnr3ghvI1ew2eveCCNDSVEuSVFUNDYyMTg1MTYuSVFfQ0RTX01JRC4yNy8wNy8yNQEAAACmVaMBAgAAAAczMy40MzExAH1cc4LZ694IzZhNsNnr3ggjQ0lRLklRVDQ2MjIwODAzLklRX0NEU19NSUQuMjcvMDcvMjUBAAAA1sk2AAIAAAAHNDEuMDkzOADnvnOC2eveCIz8TbDZ694II0NJUS5JUVQ0NjIwMDM2NC5JUV9DRFNfTUlELjI3LzA3LzI1AQAAAFeGCAACAAAABzM2Ljk1NDMAmg10gtnr3ghQS06w2eveCCNDSVEuSVFUNDYyMDQzMDAuSVFfQ0RTX01JRC4yMS8wNy8yNgEAAAD2JX0AAgAAAAQ3LjEyAEw1c4LZ694IMu5KsNnr3ggjQ0lRLklRVDYwMzg4MDU3LklRX0NEU19NSUQuMjEvMDcvMjYBAAAA38l9AQMAAAAAAHCXc4LZ694IUDxLsNnr3ggjQ0lRLklRVDQ2MTk5ODQxLklRX0NEU19NSUQuMjEvMDcvMjYBAAAA6zAGAAMAAAAAAJLmc4LZ694Ir6RLsNnr3ggkQ0lRLklRVDMxMzMxMDE4NC5JUV9DRFNfTUlELjIwLzA3LzI2AQAAAGBEPgACAAAABjExLjA0NQBODnOC2eveCJ2tTrDZ694II0NJUS5JUVQ0NjQ3MDg3Ny5JUV9DRFNfTUlELjIwLzA3LzI2AQAAAEI3BwACAAAABzU4LjE3NzgA575zgtnr3gj7d0+w2eveCCRDSVEuSVFUMzEzMzEwODU0LklRX0NEU19N | CX1: SUQuMjAvMDcvMjYBAAAAr1QNAAIAAAAHNjEuMTY2NwDW7+yB2eveCAyjT7DZ694II0NJUS5JUVQ0NjIyNTA4My5JUV9DRFNfTUlELjE5LzA3LzI2AQAAAFZEBgACAAAABDM2LjUAmg10gtnr3gi5Y0iw2eveCCNDSVEuSVFUNzk2Mzk5NTMuSVFfQ0RTX01JRC4xOC8wNy8yNgEAAAA0m1YBAgAAAAcyNC45NDI4AHCXc4LZ694IYZdMsNnr3ggjQ0lRLklRVDQ2MjAwMjc2LklRX0NEU19NSUQuMjMvMDcvMjYBAAAAlnd8AQIAAAAHMjkuMjU3NAB9XHOC2eveCElaR7DZ694II0NJUS5JUVQ0NjE5NzY5NC5JUV9DRFNfTUlELjIyLzA3LzI2AQAAAAf6BQACAAAABjUyLjc1NADnvnOC2eveCGVRSrDZ694II0NJUS5JUVQ0NjIxMDAzMi5JUV9DRFNfTUlELjE3LzA3LzI2AQAAAI9VowECAAAABzM3LjMwNTEAcJdzgtnr3gitCFCw2eveCCNDSVEuSVFUNDk3NTExOTYuSVFfQ0RTX01JRC4xNS8wNy8yNgEAAADNmb0AAgAAAAU0MS43NQBMNXOC2eveCE6DUrDZ694IJENJUS5JUVQzMjM2ODAxMzAuSVFfQ0RTX01JRC4xNS8wNy8yNgEAAABx4QIAAgAAAAY1MS44NjIAkuZzgtnr3ggmOlOw2eveCCRDSVEuSVFUMzEzMzE1NDI5LklRX0NEU19NSUQuMTUvMDcvMjYBAAAAOecFAAIAAAAHNjIuNTA2NgDW7+yB2eveCG64U7DZ694II0NJUS5JUVQ0NjIwNjc3OS5JUV9DRFNfTUlELjI3LzA3LzI1AQAAAPzvNgACAAAABzI3LjA1 | CY1: ODYAfVxzgtnr3gjNmE2w2eveCCNDSVEuSVFUNDYyMTg2NzQuSVFfQ0RTX01JRC4yNy8wNy8yNQEAAABXyjYAAgAAAAgxODUuNzYzNQDnvnOC2eveCIz8TbDZ694II0NJUS5JUVQ0NjIyNTcxNS5JUV9DRFNfTUlELjI3LzA3LzI1AQAAALflBAACAAAABzM2LjA1MzMAmg10gtnr3ghQS06w2eveCCNDSVEuSVFUNDYyMDQ4ODQuSVFfQ0RTX01JRC4yMS8wNy8yNgEAAACBUcABAgAAAAYyOS42MjUATDVzgtnr3ggy7kqw2eveCCNDSVEuSVFUNDYyMDc3ODkuSVFfQ0RTX01JRC4yMS8wNy8yNgEAAAAqWKMBAgAAAAcyNi43MTM3AHCXc4LZ694IUDxLsNnr3ggkQ0lRLklRVDI4NjA5NjEzMS5JUV9DRFNfTUlELjIxLzA3LzI2AQAAADvxBAACAAAABTU5Ljc1AJLmc4LZ694ILc1LsNnr3ggjQ0lRLklRVDQ2MjEwNTYwLklRX0NEU19NSUQuMjAvMDcvMjYBAAAA9ho3AAIAAAAHODYuMTIxNwBODnOC2eveCJ2tTrDZ694II0NJUS5JUVQ0NjIxOTkyMi5JUV9DRFNfTUlELjIwLzA3LzI2AQAAANZHOQECAAAABjYuNzAyOQCAg3OC2eveCHAjT7DZ694II0NJUS5JUVQ0NjIyMzY0Ni5JUV9DRFNfTUlELjIwLzA3LzI2AQAAABt4BAACAAAABjQ5LjQzMQDnvnOC2eveCPt3T7DZ694II0NJUS5JUVQ0NjIxODUxNi5JUV9DRFNfTUlELjE5LzA3LzI2AQAAAKZVowECAAAABzM1LjQxNzIAfVxzgtnr3gi5Y0iw2eveCCNDSVEuSVFU | CZ1: NDYyMDAzNjQuSVFfQ0RTX01JRC4xOS8wNy8yNgEAAABXhggAAgAAAAUyNS4xNgCaDXSC2eveCLljSLDZ694II0NJUS5JUVQ0NjIwNDMwMC5JUV9DRFNfTUlELjE4LzA3LzI2AQAAAPYlfQACAAAABjcuMTAwOQBMNXOC2eveCN5JTLDZ694II0NJUS5JUVQ0NjIwNzc4OS5JUV9DRFNfTUlELjE4LzA3LzI2AQAAACpYowECAAAABzI2LjY4NzkAcJdzgtnr3ghhl0yw2eveCCRDSVEuSVFUMjg2MDk2MTMxLklRX0NEU19NSUQuMTgvMDcvMjYBAAAAO/EEAAIAAAAHNjAuNjY2NwCS5nOC2eveCMsATbDZ694II0NJUS5JUVQ0NjIxNTExMS5JUV9DRFNfTUlELjI3LzA0LzI2AQAAAKBLsgECAAAABzQ0LjA5MTcAcJdzgtnr3ggDy1aw2eveCCRDSVEuSVFUMzEzMzEzNTI0LklRX0NEU19NSUQuMjcvMDQvMjYBAAAA71UNAAIAAAAHNTMuOTM5NwDW7+yB2eveCIdzV7DZ694II0NJUS5JUVQ3OTYzNDkwMS5JUV9DRFNfTUlELjI3LzA3LzI1AQAAAJwGEAACAAAABzU0LjUyOTkAzMjsgdnr3ghQS06w2eveCCNDSVEuSVFUNDYxOTQ5OTUuSVFfQ0RTX01JRC4yMC8wNy8yNgEAAABuEDEAAgAAAAYxMC45OTUATDVzgtnr3gidrU6w2eveCCNDSVEuSVFUNDYyMDQ5NTcuSVFfQ0RTX01JRC4yMi8wNy8yNgEAAAAhFQYAAgAAAAQ1NC44AOe+c4LZ694IZVFKsNnr3ggkQ0lRLklRVDMxMzMwNTg3OS5JUV9DRFNfTUlELjE3LzA3LzI2 | DA1: AQAAAITW3AECAAAABjIuMzMzNABwl3OC2eveCK0IULDZ694II0NJUS5JUVQ3OTYzOTkxMy5JUV9DRFNfTUlELjI3LzA3LzI1AQAAACBjHAICAAAABjguNzc5NQCAg3OC2eveCM2/TbDZ694IJENJUS5JUVQyNTQ5NTUyMzMuSVFfQ0RTX01JRC4yMS8wNy8yNgEAAAA5VgoAAgAAAAc0Mi43NDM4AJoNdILZ694IrdJLsNnr3ggjQ0lRLklRVDc5NjM5OTEzLklRX0NEU19NSUQuMjEvMDcvMjYBAAAAIGMcAgIAAAAFOC4xMjUAfVxzgtnr3ghQPEuw2eveCCNDSVEuSVFUNDYxOTYyMjUuSVFfQ0RTX01JRC4xOS8wNy8yNgEAAAC+VaMBAgAAAAYxNy4zNzUATDVzgtnr3gi5Y0iw2eveCCRDSVEuSVFUMzEzMzE3MzQ0LklRX0NEU19NSUQuMTkvMDcvMjYBAAAA8awBAAIAAAAHNjAuODEyMwDW7+yB2eveCLljSLDZ694II0NJUS5JUVQ3OTYzNDkwMS5JUV9DRFNfTUlELjE4LzA3LzI2AQAAAJwGEAACAAAABzQxLjA0MjUAmg10gtnr3gj9Ik2w2eveCCNDSVEuSVFUNjIyNzAxMDYuSVFfQ0RTX01JRC4xOC8wNy8yNgEAAACtd4MAAgAAAAc3NS4yMTgxANbv7IHZ694I/SJNsNnr3ggjQ0lRLklRVDQ2MjAwMzE3LklRX0NEU19NSUQuMjcvMDcvMjYBAAAA/lQNAAIAAAAHNjIuMzg0MQDMyOyB2eveCF6bWLDZ694II0NJUS5JUVQ0NjIxMzQ3Mi5JUV9DRFNfTUlELjIzLzA3LzI2AQAAALlaOAACAAAABzE1LjA4MDUAcJdzgtnr | DB1: 3ghhqEew2eveCCNDSVEuSVFUNDYxOTQ5OTUuSVFfQ0RTX01JRC4xNC8wNy8yNgEAAABuEDEAAgAAAAIxMQBMNXOC2eveCNbeU7DZ694II0NJUS5JUVQ0NjIyMDMyOS5JUV9DRFNfTUlELjE0LzA3LzI2AQAAANtbAAACAAAABDU2LjUA1u/sgdnr3gj7BlWw2eveCCNDSVEuSVFUNDYxOTc2OTQuSVFfQ0RTX01JRC4yNy8wNC8yNgEAAAAH+gUAAgAAAAc1Ny43NTYxAOe+c4LZ694IafhWsNnr3ggjQ0lRLklRVDQ2MjA3MzA4LklRX0NEU19NSUQuMjIvMDcvMjYBAAAAOYl6AQIAAAAHMTQuNTYyNQBMNXOC2eveCLljSLDZ694II0NJUS5JUVQ0OTc1MTE5Ni5JUV9DRFNfTUlELjE3LzA3LzI2AQAAAM2ZvQACAAAABzQxLjgzMzMATDVzgtnr3gitCFCw2eveCCNDSVEuSVFUNDYyMDY3NzkuSVFfQ0RTX01JRC4xNS8wNy8yNgEAAAD87zYAAgAAAAcxNi41ODM3AH1cc4LZ694IbNFSsNnr3ggjQ0lRLklRVDQ2MjEwNTYwLklRX0NEU19NSUQuMjEvMDcvMjYBAAAA9ho3AAIAAAAHODUuNjU3NwBODnOC2eveCDLuSrDZ694II0NJUS5JUVQ0NjIyMzY0Ni5JUV9DRFNfTUlELjIxLzA3LzI2AQAAABt4BAACAAAABjQ5LjAwMwDnvnOC2eveCK+kS7DZ694IJENJUS5JUVQzMTMzMTAxODQuSVFfQ0RTX01JRC4xOC8wNy8yNgEAAABgRD4AAgAAAAcxMS4wOTg3AE4Oc4LZ694IxSJMsNnr3ggjQ0lRLklRVDQ2MTk3MTM4LklRX0NE | DC1: U19NSUQuMTYvMDcvMjYBAAAA7pQ4AQIAAAAIMTIzLjY0NDMATg5zgtnr3ghtzVCw2eveCCNDSVEuSVFUNTEwMjM0ODAuSVFfQ0RTX01JRC4xNi8wNy8yNgEAAADCRfEBAgAAAAY0Ljc5MjcAgINzgtnr3gj0l1Gw2eveCCNDSVEuSVFUNDYyMDQ5NTcuSVFfQ0RTX01JRC4xNi8wNy8yNgEAAAAhFQYAAgAAAAY1NS4wMTIA575zgtnr3gie5lGw2eveCCNDSVEuSVFUNjIyNzAxMDYuSVFfQ0RTX01JRC4xNi8wNy8yNgEAAACtd4MAAgAAAAc3NS4yMTM1ANbv7IHZ694IlFtSsNnr3ggjQ0lRLklRVDc5NjQwMDI0LklRX0NEU19NSUQuMTMvMDcvMjYBAAAANY+bAQIAAAADNy44AH1cc4LZ694IFVVVsNnr3ggkQ0lRLklRVDMxMzMwNTg3OS5JUV9DRFNfTUlELjEzLzA3LzI2AQAAAITW3AECAAAABjIuMzMzNABwl3OC2eveCCyjVbDZ694II0NJUS5JUVQ0NjIwMDQxMi5JUV9DRFNfTUlELjEzLzA3LzI2AQAAAGNDBgACAAAABzQ2LjQzMjUAmg10gtnr3ghoGFaw2eveCCNDSVEuSVFUNDYyMDMzMzIuSVFfQ0RTX01JRC4yNy8wNy8yNgEAAABfHjcAAgAAAAcxMC44MzMzAEw1c4LZ694Iy69XsNnr3ggjQ0lRLklRVDQ2MjE1MTExLklRX0NEU19NSUQuMjcvMDcvMjYBAAAAoEuyAQIAAAAHMzguNTQ2MgBwl3OC2eveCCn/V7DZ694II0NJUS5JUVQ0NjIyNjEzMi5JUV9DRFNfTUlELjI3LzA3LzI2AQAAAN1ZAAACAAAABzQ1 | DD1: LjU3ODQAkuZzgtnr3gg+TViw2eveCCRDSVEuSVFUMzEzMzEzNTI0LklRX0NEU19NSUQuMjcvMDcvMjYBAAAA71UNAAIAAAAGNjAuNTIyANbv7IHZ694I78FYsNnr3ggjQ0lRLklRVDc5NjM5OTEzLklRX0NEU19NSUQuMjQvMDcvMjYBAAAAIGMcAgIAAAAGNy45NjI3AH1cc4LZ694I0lFFsNnr3ggjQ0lRLklRVDQ2MjA3ODcyLklRX0NEU19NSUQuMjQvMDcvMjYBAAAAWA0KAAIAAAAHNDEuMDA1MwDnvnOC2eveCKeCRrDZ694II0NJUS5JUVQ0NjIwMDMxNy5JUV9DRFNfTUlELjI0LzA3LzI2AQAAAP5UDQACAAAABzYyLjM4NDEAzMjsgdnr3ghq50aw2eveCCRDSVEuSVFUNjQ0NzAxNzk3LklRX0NEU19NSUQuMjYvMDcvMjYBAAAAUz99AQIAAAAGOS43NjI4AEw1c4LZ694I+uhYsNnr3ggjQ0lRLklRVDQ2MjE2OTg2LklRX0NEU19NSUQuMjYvMDcvMjYBAAAAzkQ4AQMAAAAAAHCXc4LZ694IjUxZsNnr3ggkQ0lRLklRVDI1NDk1NTIzMy5JUV9DRFNfTUlELjI2LzA3LzI2AQAAADlWCgACAAAABzQzLjcwNTMAmg10gtnr3gjJwVmw2eveCCNDSVEuSVFUNDYxOTYyMjUuSVFfQ0RTX01JRC4yNS8wNy8yNgEAAAC+VaMBAgAAAAcxNy41NTI0AEw1c4LZ694IlxNEsNnr3ggjQ0lRLklRVDUxMDIzMjYwLklRX0NEU19NSUQuMjUvMDcvMjYBAAAAsRF/AQIAAAAHMTQuNjgxNgCAg3OC2eveCJcTRLDZ694IJENJUS5JUVQz | DE1: MTMzMTczNDQuSVFfQ0RTX01JRC4yNS8wNy8yNgEAAADxrAEAAgAAAAc2MS4yOTI4ANbv7IHZ694I0lFFsNnr3ggjQ0lRLklRVDQ2MTk1NDkxLklRX0NEU19NSUQuMjMvMDcvMjYBAAAAaUoAAAIAAAAHNTUuOTU3NwDnvnOC2eveCFXSR7DZ694II0NJUS5JUVQ3OTYzNDkwMS5JUV9DRFNfTUlELjIzLzA3LzI2AQAAAJwGEAACAAAABzQwLjk0OTMAmg10gtnr3giS/0ew2eveCCNDSVEuSVFUNDYyMTM0NzIuSVFfQ0RTX01JRC4xNC8wNy8yNgEAAAC5WjgAAgAAAAcxNC45NTM1AHCXc4LZ694IYlRUsNnr3ggkQ0lRLklRVDI2MzIxMzEzMi5JUV9DRFNfTUlELjE0LzA3LzI2AQAAAOGaCAACAAAABzU1LjU3MTUAmg10gtnr3gjnuFSw2eveCCNDSVEuSVFUNDYyMjUwMDYuSVFfQ0RTX01JRC4yNy8wNC8yNgEAAAD4VQ0AAgAAAAc0MS40MzIxAJLmc4LZ694IbyNXsNnr3ggjQ0lRLklRVDYyMjcwMTA3LklRX0NEU19NSUQuMjIvMDcvMjYBAAAAFVkAAAIAAAAGNDIuMDk5AJoNdILZ694IGKBKsNnr3ggjQ0lRLklRVDYwMzg5NTE2LklRX0NEU19NSUQuMTUvMDcvMjYBAAAApfDDAQIAAAAGNy4yNTAzAICDc4LZ694IbNFSsNnr3ggkQ0lRLklRVDMxMzMxNDk3Ni5JUV9DRFNfTUlELjIwLzA3LzI2AQAAAG1KAAACAAAABzU3LjgzNDkA1u/sgdnr3ggMo0+w2eveCCNDSVEuSVFUNDYyMjA4MDMuSVFfQ0RTX01JRC4xOS8w | DF1: Ny8yNgEAAADWyTYAAgAAAAc0Mi41MDA1AOe+c4LZ694IuWNIsNnr3ggjQ0lRLklRVDYwMzg4MDU3LklRX0NEU19NSUQuMTgvMDcvMjYBAAAA38l9AQMAAAAAAHCXc4LZ694IYZdMsNnr3ggjQ0lRLklRVDQ2MTk5ODQxLklRX0NEU19NSUQuMTgvMDcvMjYBAAAA6zAGAAMAAAAAAJLmc4LZ694IywBNsNnr3ggjQ0lRLklRVDQ2MjI2MTMyLklRX0NEU19NSUQuMjcvMDQvMjYBAAAA3VkAAAIAAAAGNDQuNzA1AJLmc4LZ694IbyNXsNnr3ggjQ0lRLklRVDc5NjM5OTEzLklRX0NEU19NSUQuMjIvMDcvMjYBAAAAIGMcAgIAAAAFOC4xMjUAfVxzgtnr3ghE80mw2eveCCNDSVEuSVFUNDYyMDc4NzIuSVFfQ0RTX01JRC4yMi8wNy8yNgEAAABYDQoAAgAAAAQ0MC42AOe+c4LZ694IZVFKsNnr3ggjQ0lRLklRVDQ2MjAwMzE3LklRX0NEU19NSUQuMjIvMDcvMjYBAAAA/lQNAAIAAAAHNjEuNzE4NADMyOyB2eveCBigSrDZ694IJENJUS5JUVQ2NDQ3MDE3OTcuSVFfQ0RTX01JRC4xNy8wNy8yNgEAAABTP30BAgAAAAcxMC4zODE3AEw1c4LZ694IrQhQsNnr3ggjQ0lRLklRVDQ2MjE2OTg2LklRX0NEU19NSUQuMTcvMDcvMjYBAAAAzkQ4AQMAAAAAAHCXc4LZ694IrQhQsNnr3ggkQ0lRLklRVDI1NDk1NTIzMy5JUV9DRFNfTUlELjE3LzA3LzI2AQAAADlWCgACAAAABzQzLjMzODYAmg10gtnr3ghtzVCw2eveCCNDSVEuSVFU | DG1: NDYxOTYyMjUuSVFfQ0RTX01JRC4xNS8wNy8yNgEAAAC+VaMBAgAAAAYxNy4zNzUATDVzgtnr3ghOg1Kw2eveCCNDSVEuSVFUNTEwMjMyNjAuSVFfQ0RTX01JRC4xNS8wNy8yNgEAAACxEX8BAgAAAAYxNC4xMjUAgINzgtnr3ghs0VKw2eveCCNDSVEuSVFUNDYyMjQ3NDAuSVFfQ0RTX01JRC4xNS8wNy8yNgEAAADTcggAAgAAAAczNC40MzQ2AJLmc4LZ694ITWVTsNnr3ggjQ0lRLklRVDQ2MjAwMjc2LklRX0NEU19NSUQuMjcvMDcvMjUBAAAAlnd8AQIAAAAHMjUuNzQ1MwB9XHOC2eveCM2/TbDZ694II0NJUS5JUVQ0NjE5NTQ5MS5JUV9DRFNfTUlELjI3LzA3LzI1AQAAAGlKAAACAAAABzUyLjkxMTQA575zgtnr3giM/E2w2eveCCNDSVEuSVFUNDYyMDc1NzEuSVFfQ0RTX01JRC4yMS8wNy8yNgEAAABt7zUAAgAAAAczMC4wMDE4AEw1c4LZ694IQBVLsNnr3ggjQ0lRLklRVDQ2MjEzNDcyLklRX0NEU19NSUQuMjEvMDcvMjYBAAAAuVo4AAIAAAAHMTUuMDMxNQBwl3OC2eveCA14S7DZ694II0NJUS5JUVQ0NjIyNTAwNi5JUV9DRFNfTUlELjIwLzA3LzI2AQAAAPhVDQACAAAABjQzLjg2NgCS5nOC2eveCPt3T7DZ694IJENJUS5JUVQzMjM2ODAxMzAuSVFfQ0RTX01JRC4xNi8wNy8yNgEAAABx4QIAAgAAAAc1MS40MzY0AJLmc4LZ694IgQ1SsNnr3ggkQ0lRLklRVDMxMzMxNTQyOS5JUV9DRFNfTUlELjE2LzA3 | DH1: LzI2AQAAADnnBQACAAAABzYyLjE2NjYA1u/sgdnr3giUW1Kw2eveCCNDSVEuSVFUNDYyMDY3NzkuSVFfQ0RTX01JRC4xMy8wNy8yNgEAAAD87zYAAgAAAAcxNi4wMjA2AH1cc4LZ694IFVVVsNnr3ggjQ0lRLklRVDQ2MjI1NzE1LklRX0NEU19NSUQuMTMvMDcvMjYBAAAAt+UEAAIAAAAHNDEuMTczNwCaDXSC2eveCGgYVrDZ694II0NJUS5JUVQ0NjIxOTkyMi5JUV9DRFNfTUlELjI0LzA3LzI2AQAAANZHOQECAAAABjYuNjg2MgCAg3OC2eveCNJRRbDZ694II0NJUS5JUVQ0NjIyMzY0Ni5JUV9DRFNfTUlELjI0LzA3LzI2AQAAABt4BAACAAAABzQ5LjkzNTQA575zgtnr3gingkaw2eveCCRDSVEuSVFUMzEzMzE0OTc2LklRX0NEU19NSUQuMjQvMDcvMjYBAAAAbUoAAAIAAAAHNTguMTY1MQDW7+yB2eveCGrnRrDZ694II0NJUS5JUVQ0NjIxODUxNi5JUV9DRFNfTUlELjI2LzA3LzI2AQAAAKZVowECAAAABjM1LjM3OAB9XHOC2eveCProWLDZ694II0NJUS5JUVQ0NjIyMDgwMy5JUV9DRFNfTUlELjI2LzA3LzI2AQAAANbJNgACAAAABzQ0LjM5MDMAcJdzgtnr3ghcdFmw2eveCCNDSVEuSVFUNDYyMDQzMDAuSVFfQ0RTX01JRC4yNS8wNy8yNgEAAAD2JX0AAgAAAAY3LjAyNjEATDVzgtnr3giXE0Sw2eveCCNDSVEuSVFUNDYxOTk4NDEuSVFfQ0RTX01JRC4yNS8wNy8yNgEAAADrMAYAAwAAAAAAkuZzgtnr3gjS | DI1: UUWw2eveCCNDSVEuSVFUNDYyMTQ4NzkuSVFfQ0RTX01JRC4yMy8wNy8yNgEAAAD1GjcAAgAAAAc1MC45NDAyAICDc4LZ694IUoFHsNnr3ggkQ0lRLklRVDMxMzMxMDg1NC5JUV9DRFNfTUlELjIzLzA3LzI2AQAAAK9UDQACAAAABzYxLjY2NjcA1u/sgdnr3giS/0ew2eveCCNDSVEuSVFUNDYyMTQ4NzkuSVFfQ0RTX01JRC4xOC8wNy8yNgEAAAD1GjcAAgAAAAc1MC45MTM0AICDc4LZ694IRHBMsNnr3ggkQ0lRLklRVDMxMzMxMDE4NC5JUV9DRFNfTUlELjE2LzA3LzI2AQAAAGBEPgACAAAABzExLjEzMjEATg5zgtnr3ghtzVCw2eveCCNDSVEuSVFUNDYyMTQ4NzkuSVFfQ0RTX01JRC4xNi8wNy8yNgEAAAD1GjcAAgAAAAc1MC42NjIyAICDc4LZ694I9JdRsNnr3ggjQ0lRLklRVDQ2NDcwODc3LklRX0NEU19NSUQuMTYvMDcvMjYBAAAAQjcHAAIAAAAHNTcuNDU2MQDnvnOC2eveCIENUrDZ694IJENJUS5JUVQzMTMzMTA4NTQuSVFfQ0RTX01JRC4xNi8wNy8yNgEAAACvVA0AAgAAAAc2MS4xNjY3ANbv7IHZ694IlFtSsNnr3ggjQ0lRLklRVDQ2MjE0OTU0LklRX0NEU19NSUQuMTMvMDcvMjYBAAAAOj05AQIAAAAFMTQuMjUAfVxzgtnr3ggVVVWw2eveCCNDSVEuSVFUNDYyMDg2MzQuSVFfQ0RTX01JRC4xMy8wNy8yNgEAAAADH8IAAgAAAAcyMi43NzM0AHCXc4LZ694ILKNVsNnr3ggjQ0lRLklRVDQ2MjI1MDgz | DJ1: LklRX0NEU19NSUQuMTMvMDcvMjYBAAAAVkQGAAIAAAAGMzcuMzc2AJoNdILZ694IaBhWsNnr3ggjQ0lRLklRVDQ2MjAzNzE0LklRX0NEU19NSUQuMjcvMDcvMjYBAAAAXwU1AAIAAAAHMzEuNzU2MwBMNXOC2eveCMuvV7DZ694II0NJUS5JUVQ3OTYzOTk1My5JUV9DRFNfTUlELjI3LzA3LzI2AQAAADSbVgECAAAABzI0Ljg4NzEAcJdzgtnr3ggp/1ew2eveCCRDSVEuSVFUNTI4OTM2ODEyLklRX0NEU19NSUQuMjcvMDcvMjYBAAAAbFsGAAIAAAAHNDguMjk5NwCS5nOC2eveCD5NWLDZ694II0NJUS5JUVQ0NjE5NzEzOC5JUV9DRFNfTUlELjI0LzA3LzI2AQAAAO6UOAECAAAABzEyNC4zNTYATg5zgtnr3gjSUUWw2eveCCNDSVEuSVFUNTEwMjM0ODAuSVFfQ0RTX01JRC4yNC8wNy8yNgEAAADCRfEBAgAAAAY0LjY4ODUAgINzgtnr3gjSUUWw2eveCCNDSVEuSVFUNDYyMDQ5NTcuSVFfQ0RTX01JRC4yNC8wNy8yNgEAAAAhFQYAAgAAAAc1NS44MjM3AOe+c4LZ694Ip4JGsNnr3ggjQ0lRLklRVDYyMjcwMTA2LklRX0NEU19NSUQuMjQvMDcvMjYBAAAArXeDAAIAAAAHNzUuMjEwMgDMyOyB2eveCGrnRrDZ694II0NJUS5JUVQ3OTY0MDAyNC5JUV9DRFNfTUlELjI2LzA3LzI2AQAAADWPmwECAAAABjcuODMzMwBMNXOC2eveCProWLDZ694IJENJUS5JUVQzMTMzMDU4NzkuSVFfQ0RTX01JRC4yNi8wNy8yNgEAAACE | DK1: 1twBAgAAAAYyLjE1MjEAcJdzgtnr3giNTFmw2eveCCNDSVEuSVFUNDYyMDA0MTIuSVFfQ0RTX01JRC4yNi8wNy8yNgEAAABjQwYAAgAAAAc0Ni4zNDQ5AJoNdILZ694IycFZsNnr3ggjQ0lRLklRVDQ2MjAzMzMyLklRX0NEU19NSUQuMjUvMDcvMjYBAAAAXx43AAIAAAAHMTAuODMzMwBMNXOC2eveCJcTRLDZ694II0NJUS5JUVQ0NjIxNTExMS5JUV9DRFNfTUlELjI1LzA3LzI2AQAAAKBLsgECAAAABzM4LjU0NjIAcJdzgtnr3giXE0Sw2eveCCNDSVEuSVFUNDYyMjYxMzIuSVFfQ0RTX01JRC4yNS8wNy8yNgEAAADdWQAAAgAAAAc0NS41Nzg0AJLmc4LZ694I0lFFsNnr3ggkQ0lRLklRVDMxMzMxMzUyNC5JUV9DRFNfTUlELjI1LzA3LzI2AQAAAO9VDQACAAAABjYwLjUyMgDW7+yB2eveCNJRRbDZ694II0NJUS5JUVQ3OTYzOTkxMy5JUV9DRFNfTUlELjIzLzA3LzI2AQAAACBjHAICAAAABTguMTI1AH1cc4LZ694ISVpHsNnr3ggjQ0lRLklRVDQ2MjA3ODcyLklRX0NEU19NSUQuMjMvMDcvMjYBAAAAWA0KAAIAAAAHNDEuMDg1MwDnvnOC2eveCP/VR7DZ694II0NJUS5JUVQ0NjIwMDMxNy5JUV9DRFNfTUlELjIzLzA3LzI2AQAAAP5UDQACAAAABzYxLjQ3MjkAzMjsgdnr3giS/0ew2eveCCRDSVEuSVFUNjQ0NzAxNzk3LklRX0NEU19NSUQuMTQvMDcvMjYBAAAAUz99AQIAAAAHMTAuNjMwNABMNXOC2eveCNkE | DL1: VLDZ694II0NJUS5JUVQ0NjIxNjk4Ni5JUV9DRFNfTUlELjE0LzA3LzI2AQAAAM5EOAEDAAAAAABwl3OC2eveCGJUVLDZ694IJENJUS5JUVQyNTQ5NTUyMzMuSVFfQ0RTX01JRC4xNC8wNy8yNgEAAAA5VgoAAgAAAAY0My40OTcAmg10gtnr3gjnuFSw2eveCCNDSVEuSVFUNDYxOTYyMjUuSVFfQ0RTX01JRC4yNy8wNC8yNgEAAAC+VaMBAgAAAAcxNy45Mzc1AEw1c4LZ694ImFZWsNnr3ggjQ0lRLklRVDUxMDIzMjYwLklRX0NEU19NSUQuMjcvMDQvMjYBAAAAsRF/AQIAAAAGMTQuMjU1AICDc4LZ694IA8tWsNnr3ggjQ0lRLklRVDQ2MjI0NzQwLklRX0NEU19NSUQuMjcvMDQvMjYBAAAA03IIAAIAAAAHMzUuMzU3MQCS5nOC2eveCG8jV7DZ694IJENJUS5JUVQzMTMzMTczNDQuSVFfQ0RTX01JRC4yNy8wNC8yNgEAAADxrAEAAgAAAAc1Ni42OTkyANbv7IHZ694Ih3NXsNnr3ggjQ0lRLklRVDQ2MjAwMjc2LklRX0NEU19NSUQuMjIvMDcvMjYBAAAAlnd8AQIAAAAHMjkuMjcyOQB9XHOC2eveCETzSbDZ694II0NJUS5JUVQ0NjE5NTQ5MS5JUV9DRFNfTUlELjIyLzA3LzI2AQAAAGlKAAACAAAABzU0Ljk2MjgA575zgtnr3ghlUUqw2eveCCNDSVEuSVFUNzk2MzQ5MDEuSVFfQ0RTX01JRC4yMi8wNy8yNgEAAACcBhAAAgAAAAc0MC45NjY1AJoNdILZ694IGKBKsNnr3ggjQ0lRLklRVDQ2MjA3NTcxLklRX0NEU19N | DM1: SUQuMTcvMDcvMjYBAAAAbe81AAIAAAAHMzAuMjkxNwBMNXOC2eveCK0IULDZ694II0NJUS5JUVQ0NjIxMzQ3Mi5JUV9DRFNfTUlELjE3LzA3LzI2AQAAALlaOAACAAAAAjE1AHCXc4LZ694IrQhQsNnr3ggkQ0lRLklRVDI2MzIxMzEzMi5JUV9DRFNfTUlELjE3LzA3LzI2AQAAAOGaCAACAAAABzU1Ljg3OTQAmg10gtnr3ghtzVCw2eveCCNDSVEuSVFUNDYxOTQ5OTUuSVFfQ0RTX01JRC4xNS8wNy8yNgEAAABuEDEAAgAAAAIxMQBMNXOC2eveCE6DUrDZ694II0NJUS5JUVQ0NjIyMjI5Mi5JUV9DRFNfTUlELjE1LzA3LzI2AQAAANGRmwECAAAACDc2MS4xMTI2AICDc4LZ694IbNFSsNnr3ggjQ0lRLklRVDQ2MjI1MDA2LklRX0NEU19NSUQuMTUvMDcvMjYBAAAA+FUNAAIAAAAHNDIuMTE0MwCS5nOC2eveCCY6U7DZ694II0NJUS5JUVQ0NjIyMDMyOS5JUV9DRFNfTUlELjE1LzA3LzI2AQAAANtbAAACAAAABDU2LjUA1u/sgdnr3ghuuFOw2eveCCNDSVEuSVFUNDYyNjIzNzguSVFfQ0RTX01JRC4yNy8wNy8yNQEAAABA0okBAgAAAAQxNi41AH1cc4LZ694IzZhNsNnr3ggjQ0lRLklRVDQ2MTk3Njk0LklRX0NEU19NSUQuMjcvMDcvMjUBAAAAB/oFAAIAAAAHNTMuNTMwMQDnvnOC2eveCIz8TbDZ694II0NJUS5JUVQ2MjI3MDEwNy5JUV9DRFNfTUlELjI3LzA3LzI1AQAAABVZAAACAAAABzMwLjMxNTYAmg10gtnr | DN1: 3ghQS06w2eveCCNDSVEuSVFUNDYyMDczMDguSVFfQ0RTX01JRC4yMS8wNy8yNgEAAAA5iXoBAgAAAAcxNC41NjI1AEw1c4LZ694IQBVLsNnr3ggjQ0lRLklRVDQ2MjEwMDMyLklRX0NEU19NSUQuMjEvMDcvMjYBAAAAj1WjAQIAAAAHMzYuNjk5MQBwl3OC2eveCFA8S7DZ694II0NJUS5JUVQ0NjIyNTM3NC5JUV9DRFNfTUlELjIxLzA3LzI2AQAAALXWBQACAAAABzM4LjUwNTkAkuZzgtnr3git0kuw2eveCCNDSVEuSVFUNDk3NTExOTYuSVFfQ0RTX01JRC4yMC8wNy8yNgEAAADNmb0AAgAAAAQ0MS41AEw1c4LZ694Ina1OsNnr3ggjQ0lRLklRVDYwMzg5NTE2LklRX0NEU19NSUQuMjAvMDcvMjYBAAAApfDDAQIAAAAGNy4yNDQ5AICDc4LZ694IcCNPsNnr3ggkQ0lRLklRVDMyMzY4MDEzMC5JUV9DRFNfTUlELjIwLzA3LzI2AQAAAHHhAgACAAAABzUyLjMxMTgAkuZzgtnr3gj7d0+w2eveCCRDSVEuSVFUMzEzMzE1NDI5LklRX0NEU19NSUQuMjAvMDcvMjYBAAAAOecFAAIAAAAHNjIuMTY3MwDW7+yB2eveCAyjT7DZ694II0NJUS5JUVQ0NjIwNjc3OS5JUV9DRFNfTUlELjE5LzA3LzI2AQAAAPzvNgACAAAABDE2LjUAfVxzgtnr3gi5Y0iw2eveCCNDSVEuSVFUNDYyMTg2NzQuSVFfQ0RTX01JRC4xOS8wNy8yNgEAAABXyjYAAgAAAAgxMjkuMjc4NQDnvnOC2eveCLljSLDZ694II0NJUS5JUVQ0NjIyNTcxNS5J | DO1: UV9DRFNfTUlELjE5LzA3LzI2AQAAALflBAACAAAABzQzLjQzMzkAmg10gtnr3gi5Y0iw2eveCCNDSVEuSVFUNDYyMDQ4ODQuSVFfQ0RTX01JRC4xOC8wNy8yNgEAAACBUcABAgAAAAYyOS42MjUATDVzgtnr3gjeSUyw2eveCCNDSVEuSVFUNzk2Mzk5NTMuSVFfQ0RTX01JRC4yNy8wNC8yNgEAAAA0m1YBAgAAAAcyNi4wMDg0AHCXc4LZ694IA8tWsNnr3ggkQ0lRLklRVDMxMzMxMzUyNC5JUV9DRFNfTUlELjE1LzA3LzI2AQAAAO9VDQACAAAABzYwLjU1NDEA1u/sgdnr3ghuuFOw2eveCCNDSVEuSVFUNDYyMDc4NzIuSVFfQ0RTX01JRC4yNy8wNy8yNQEAAABYDQoAAgAAAAc0MC4wMTQ5AOe+c4LZ694I4CROsNnr3ggkQ0lRLklRVDMxMzMxNzM0NC5JUV9DRFNfTUlELjIwLzA3LzI2AQAAAPGsAQACAAAABzYwLjI4NTIA1u/sgdnr3ggMo0+w2eveCCNDSVEuSVFUNzk2MzQ5MDEuSVFfQ0RTX01JRC4xOS8wNy8yNgEAAACcBhAAAgAAAAc0MS4wNDI1AJoNdILZ694IuWNIsNnr3ggkQ0lRLklRVDI2MzIxMzEzMi5JUV9DRFNfTUlELjE4LzA3LzI2AQAAAOGaCAACAAAABzU1Ljg3OTQAmg10gtnr3gjLAE2w2eveCCNDSVEuSVFUNDYyMjU3MTUuSVFfQ0RTX01JRC4xNy8wNy8yNgEAAAC35QQAAgAAAAc0My40MzM5AJoNdILZ694Ibc1QsNnr3ggjQ0lRLklRVDQ2MTk5ODQxLklRX0NEU19NSUQuMjAvMDcvMjYBAAAA | DP1: 6zAGAAMAAAAAAJLmc4LZ694IDKNPsNnr3ggjQ0lRLklRVDQ2MjYyMzc4LklRX0NEU19NSUQuMjEvMDcvMjYBAAAAQNKJAQIAAAAGMTguMDY2AH1cc4LZ694IQBVLsNnr3ggkQ0lRLklRVDMyMzY4MDEzMC5JUV9DRFNfTUlELjEzLzA3LzI2AQAAAHHhAgACAAAABzUyLjg1NTMAkuZzgtnr3gg+ylWw2eveCCNDSVEuSVFUNDYyMTA1NjAuSVFfQ0RTX01JRC4yNi8wNy8yNgEAAAD2GjcAAgAAAAc4Ny44MDExAE4Oc4LZ694I78FYsNnr3ggjQ0lRLklRVDQ2MjAwMzY0LklRX0NEU19NSUQuMjUvMDcvMjYBAAAAV4YIAAIAAAAHMjUuNTkyNACaDXSC2eveCNJRRbDZ694II0NJUS5JUVQ0NjE5OTg0MS5JUV9DRFNfTUlELjIzLzA3LzI2AQAAAOswBgADAAAAAACS5nOC2eveCJL/R7DZ694IJENJUS5JUVQzMTMzMTA4NTQuSVFfQ0RTX01JRC4xNC8wNy8yNgEAAACvVA0AAgAAAAQ2MS41ANbv7IHZ694IBeBUsNnr3ggjQ0lRLklRVDQ2MjAwMzE3LklRX0NEU19NSUQuMjEvMDcvMjYBAAAA/lQNAAIAAAAHNjIuMjA3OADMyOyB2eveCPj7S7DZ694II0NJUS5JUVQ0NjIyNDc0MC5JUV9DRFNfTUlELjE5LzA3LzI2AQAAANNyCAACAAAABzM1LjIzMzcAkuZzgtnr3gi5Y0iw2eveCCNDSVEuSVFUNDYxOTU0OTEuSVFfQ0RTX01JRC4xOC8wNy8yNgEAAABpSgAAAgAAAAc1NS42MTc2AOe+c4LZ694IN79MsNnr3ggjQ0lRLklR | DQ1: VDQ2MjA3ODcyLklRX0NEU19NSUQuMjcvMDcvMjYBAAAAWA0KAAIAAAAHNDEuMDA1MwDnvnOC2eveCC8mWLDZ694II0NJUS5JUVQ0NjIwMDI3Ni5JUV9DRFNfTUlELjI1LzA3LzI2AQAAAJZ3fAECAAAABzI5LjI1NjMAfVxzgtnr3giXE0Sw2eveCCNDSVEuSVFUNDYyMDc1NzEuSVFfQ0RTX01JRC4yMy8wNy8yNgEAAABt7zUAAgAAAAczMC40ODk3AEw1c4LZ694INjNHsNnr3ggkQ0lRLklRVDI2MzIxMzEzMi5JUV9DRFNfTUlELjIzLzA3LzI2AQAAAOGaCAACAAAABzU2LjUzNDUAmg10gtnr3giS/0ew2eveCCNDSVEuSVFUNDYyMjIyOTIuSVFfQ0RTX01JRC4xNC8wNy8yNgEAAADRkZsBAgAAAAc3NjEuNjY0AICDc4LZ694I4ytUsNnr3ggjQ0lRLklRVDQ2MjEwMDMyLklRX0NEU19NSUQuMjIvMDcvMjYBAAAAj1WjAQIAAAAHMzYuODE2OQBwl3OC2eveCEoqSrDZ694IJENJUS5JUVQzMjM2ODAxMzAuSVFfQ0RTX01JRC4xNy8wNy8yNgEAAABx4QIAAgAAAAc1MS40NDc4AJLmc4LZ694Ibc1QsNnr3ggjQ0lRLklRVDQ2MjE4Njc0LklRX0NEU19NSUQuMTUvMDcvMjYBAAAAV8o2AAIAAAAIMTI0Ljg0MjMA575zgtnr3ggmOlOw2eveCCNDSVEuSVFUNDYyMTA1NjAuSVFfQ0RTX01JRC4xNi8wNy8yNgEAAAD2GjcAAgAAAAc4Ni4xMDAzAE4Oc4LZ694Ibc1QsNnr3ggjQ0lRLklRVDQ2MjE5OTIyLklRX0NEU19NSUQu | DR1: MTYvMDcvMjYBAAAA1kc5AQIAAAAGNi40ODA5AICDc4LZ694I9JdRsNnr3ggjQ0lRLklRVDQ2MjIzNjQ2LklRX0NEU19NSUQuMTYvMDcvMjYBAAAAG3gEAAIAAAAHNDkuNjk3NgDnvnOC2eveCIENUrDZ694IJENJUS5JUVQzMTMzMTQ5NzYuSVFfQ0RTX01JRC4xNi8wNy8yNgEAAABtSgAAAgAAAAY1Ny44MzcA1u/sgdnr3giUW1Kw2eveCCNDSVEuSVFUNDYyMTg1MTYuSVFfQ0RTX01JRC4xMy8wNy8yNgEAAACmVaMBAgAAAAczNi4xNDkzAH1cc4LZ694IFVVVsNnr3ggjQ0lRLklRVDQ2MjIwODAzLklRX0NEU19NSUQuMTMvMDcvMjYBAAAA1sk2AAIAAAAHNDEuMzY3OADnvnOC2eveCCyjVbDZ694II0NJUS5JUVQ0NjIwMDM2NC5JUV9DRFNfTUlELjEzLzA3LzI2AQAAAFeGCAACAAAABTI0Ljk4AJoNdILZ694IaBhWsNnr3ggjQ0lRLklRVDQ2MjA0MzAwLklRX0NEU19NSUQuMjcvMDcvMjYBAAAA9iV9AAIAAAAGNy4wMjYxAEw1c4LZ694Iy69XsNnr3ggjQ0lRLklRVDYwMzg4MDU3LklRX0NEU19NSUQuMjcvMDcvMjYBAAAA38l9AQMAAAAAAHCXc4LZ694IKf9XsNnr3ggjQ0lRLklRVDQ2MTk5ODQxLklRX0NEU19NSUQuMjcvMDcvMjYBAAAA6zAGAAMAAAAAAJLmc4LZ694Io3NYsNnr3ggjQ0lRLklRVDQ2MjA0MzAwLklRX0NEU19NSUQuMTYvMDcvMjYBAAAA9iV9AAIAAAAGNy4wMDQzAEw1c4LZ694Ibc1QsNnr | DS1: 3ggcQ0lRLklRVDUyODkzNjgxMi5JUV9DRFNfTUlELgEAAABsWwYAAgAAAAc0OC4yOTk3AOVbQ2fZ694IDQl6g9nr3ggbQ0lRLklRVDQ2MTk3MTM4LklRX0NEU19NSUQuAQAAAO6UOAECAAAABzEyNC4zNTYA5VtDZ9nr3ggshKmD2eveCBtDSVEuSVFUNTEwMjM0ODAuSVFfQ0RTX01JRC4BAAAAwkXxAQIAAAAGNC42ODg1AOVbQ2fZ694IFRGZg9nr3ggbQ0lRLklRVDQ2MjA0OTU3LklRX0NEU19NSUQuAQAAACEVBgACAAAABzU1LjgyMzcA5VtDZ9nr3gggrIKD2eveCBtDSVEuSVFUNDYyMDg2MzQuSVFfQ0RTX01JRC4BAAAAAx/CAAIAAAAHMjMuMzI1MQDlW0Nn2eveCFFOiIPZ694IG0NJUS5JUVQ0NjIyNTA4My5JUV9DRFNfTUlELgEAAABWRAYAAgAAAAIzNwDlW0Nn2eveCPCPcoPZ694IG0NJUS5JUVQ0NjIwMzcxNC5JUV9DRFNfTUlELgEAAABfBTUAAgAAAAczMS43NTYzAOVbQ2fZ694IFm6kg9nr3ggbQ0lRLklRVDc5NjM5OTUzLklRX0NEU19NSUQuAQAAADSbVgECAAAABzI0Ljg4NzEA5VtDZ9nr3gioiY+D2eveCBtDSVEuSVFUNDYyMTQ4NzkuSVFfQ0RTX01JRC4BAAAA9Ro3AAIAAAAHNTAuOTIyMQDlW0Nn2eveCDzal4PZ694IG0NJUS5JUVQ0NjQ3MDg3Ny5JUV9DRFNfTUlELgEAAABCNwcAAgAAAAc1OS40MTg2AOVbQ2fZ694I1ReBg9nr3ggcQ0lRLklRVDMxMzMxMDg1NC5JUV9DRFNfTUlELgEAAACv | DT1: VA0AAgAAAAc2MS42NjY3AOVbQ2fZ694Ip0psg9nr3ggbQ0lRLklRVDQ2MjE0OTU0LklRX0NEU19NSUQuAQAAADo9OQECAAAABjE0LjQyOQDlW0Nn2eveCH0kn4PZ694IG0NJUS5JUVQ0NjIwNDMwMC5JUV9DRFNfTUlELgEAAAD2JX0AAgAAAAY3LjAyNjEA5VtDZ9nr3ggcNKOD2eveCBtDSVEuSVFUNjAzODgwNTcuSVFfQ0RTX01JRC4BAAAA38l9AQMAAAAAAOVbQ2fZ694IoSCOg9nr3ggbQ0lRLklRVDQ2MTk5ODQxLklRX0NEU19NSUQuAQAAAOswBgADAAAAAADlW0Nn2eveCOX8eIPZ694IHENJUS5JUVQzMTMzMTAxODQuSVFfQ0RTX01JRC4BAAAAYEQ+AAIAAAAGMTEuMDM0AOVbQ2fZ694IPh2pg9nr3ggcQ0lRLklRVDMxMzMxNDk3Ni5JUV9DRFNfTUlELgEAAABtSgAAAgAAAAc1OC4xNjUxAOVbQ2fZ694Ipepqg9nr3ggbQ0lRLklRVDQ2MjE4NTE2LklRX0NEU19NSUQuAQAAAKZVowECAAAABjM1LjM3OADlW0Nn2eveCHYTnoPZ694IG0NJUS5JUVQ0NjIyMDgwMy5JUV9DRFNfTUlELgEAAADWyTYAAgAAAAc0NC4zOTAzAOVbQ2fZ694IZSaHg9nr3ggbQ0lRLklRVDQ2MjAwMzY0LklRX0NEU19NSUQuAQAAAFeGCAACAAAABzI1LjU5MjQA5VtDZ9nr3ghNYXKD2eveCBxDSVEuSVFUMjg2MDk2MTMxLklRX0NEU19NSUQuAQAAADvxBAACAAAABzYwLjkwNDcA5VtDZ9nr3gjEO3iD2eveCBtDSVEuSVFUNDYyMTA1 | DU1: NjAuSVFfQ0RTX01JRC4BAAAA9ho3AAIAAAAHODcuODAxMQDlW0Nn2eveCNDOqIPZ694IG0NJUS5JUVQ0NjIxOTkyMi5JUV9DRFNfTUlELgEAAADWRzkBAgAAAAY2LjY4NjIA5VtDZ9nr3ggcq5aD2eveCBtDSVEuSVFUNDYyMjM2NDYuSVFfQ0RTX01JRC4BAAAAG3gEAAIAAAAHNDkuOTM1NADlW0Nn2eveCJmcf4PZ694IG0NJUS5JUVQ0NjIxODY3NC5JUV9DRFNfTUlELgEAAABXyjYAAgAAAAgxMzQuNDEzMgDlW0Nn2eveCNKphIPZ694IG0NJUS5JUVQ0NjIyNTcxNS5JUV9DRFNfTUlELgEAAAC35QQAAgAAAAc0My40NjE1AOVbQ2fZ694I9hJxg9nr3ggbQ0lRLklRVDQ2MjA0ODg0LklRX0NEU19NSUQuAQAAAIFRwAECAAAABzI5LjgzMzMA5VtDZ9nr3ghcY6KD2eveCBtDSVEuSVFUNDYyMDc3ODkuSVFfQ0RTX01JRC4BAAAAKlijAQIAAAAHMjcuMTEyMwDlW0Nn2eveCGkOjYPZ694IG0NJUS5JUVQ2MDM4OTUxNi5JUV9DRFNfTUlELgEAAACl8MMBAgAAAAY3LjI0NzEA5VtDZ9nr3girSZWD2eveCBxDSVEuSVFUMzIzNjgwMTMwLklRX0NEU19NSUQuAQAAAHHhAgACAAAABzUyLjQ5MzgA5VtDZ9nr3gj1E32D2eveCBxDSVEuSVFUMzEzMzE1NDI5LklRX0NEU19NSUQuAQAAADnnBQACAAAABzYyLjUwNjcA5VtDZ9nr3gi1E2mD2eveCBtDSVEuSVFUNDYyMDY3NzkuSVFfQ0RTX01JRC4BAAAA/O82AAIAAAAHMTYu | DV1: NDcyNgDlW0Nn2eveCOeZm4PZ694IG0NJUS5JUVQ0NjIwNzMwOC5JUV9DRFNfTUlELgEAAAA5iXoBAgAAAAcxNC41NjI1AOVbQ2fZ694I0+ahg9nr3ggbQ0lRLklRVDQ2MjEwMDMyLklRX0NEU19NSUQuAQAAAI9VowECAAAABzM4LjE5NDUA5VtDZ9nr3ghpDo2D2eveCBtDSVEuSVFUNDYyMjUzNzQuSVFfQ0RTX01JRC4BAAAAtdYFAAIAAAAHMzkuNTU0NADlW0Nn2eveCKY9d4PZ694IG0NJUS5JUVQ0OTc1MTE5Ni5JUV9DRFNfTUlELgEAAADNmb0AAgAAAAc0MC41NzA2AOVbQ2fZ694IwICog9nr3ggbQ0lRLklRVDQ2MjIwMzI5LklRX0NEU19NSUQuAQAAANtbAAACAAAABjU2LjY3NADlW0Nn2eveCHBlZoPZ694IG0NJUS5JUVQ0NjI2MjM3OC5JUV9DRFNfTUlELgEAAABA0okBAgAAAAIxOADlW0Nn2eveCOeZm4PZ694IG0NJUS5JUVQ0NjE5NzY5NC5JUV9DRFNfTUlELgEAAAAH+gUAAgAAAAc1My45ODY4AOVbQ2fZ694I0qmEg9nr3ggbQ0lRLklRVDYyMjcwMTA3LklRX0NEU19NSUQuAQAAABVZAAACAAAABzQyLjQxMTUA5VtDZ9nr3giprHCD2eveCBxDSVEuSVFUMjYzMjEzMTMyLklRX0NEU19NSUQuAQAAAOGaCAACAAAABzU2LjUzOTEA5VtDZ9nr3gjhXHaD2eveCBtDSVEuSVFUNDYxOTQ5OTUuSVFfQ0RTX01JRC4BAAAAbhAxAAIAAAAHMTEuMTgyNADlW0Nn2eveCEbgp4PZ694IG0NJUS5JUVQ0NjIyMjI5 | DW1: Mi5JUV9DRFNfTUlELgEAAADRkZsBAgAAAAg3NzcuMTYyNADlW0Nn2eveCFPUk4PZ694IG0NJUS5JUVQ0NjIyNTAwNi5JUV9DRFNfTUlELgEAAAD4VQ0AAgAAAAY0NC43MTIA5VtDZ9nr3gj1E32D2eveCBtDSVEuSVFUNDYyMDA0MTIuSVFfQ0RTX01JRC4BAAAAY0MGAAIAAAAHNDYuMzQ0OQDlW0Nn2eveCLEJdIPZ694IG0NJUS5JUVQ0NjIwNzU3MS5JUV9DRFNfTUlELgEAAABt7zUAAgAAAAQzMC41AOVbQ2fZ694I/IKhg9nr3ggbQ0lRLklRVDQ2MjEzNDcyLklRX0NEU19NSUQuAQAAALlaOAACAAAABjE1LjQxMgDlW0Nn2eveCBFJjIPZ694IG0NJUS5JUVQ0NjIwMDI3Ni5JUV9DRFNfTUlELgEAAACWd3wBAgAAAAcyOS4yNTYzAOVbQ2fZ694I55mbg9nr3ggbQ0lRLklRVDQ2MTk1NDkxLklRX0NEU19NSUQuAQAAAGlKAAACAAAABzU2LjQxNTkA5VtDZ9nr3gjSqYSD2eveCBtDSVEuSVFUNzk2MzQ5MDEuSVFfQ0RTX01JRC4BAAAAnAYQAAIAAAAHNDEuMjE0NgDlW0Nn2eveCB+hb4PZ694IG0NJUS5JUVQ0NjE5NjIyNS5JUV9DRFNfTUlELgEAAAC+VaMBAgAAAAcxNy41NTI0AOVbQ2fZ694I8sSmg9nr3ggbQ0lRLklRVDUxMDIzMjYwLklRX0NEU19NSUQuAQAAALERfwECAAAABzE0LjY4MTYA5VtDZ9nr3giVkZKD2eveCBtDSVEuSVFUNDYyMjQ3NDAuSVFfQ0RTX01JRC4BAAAA03IIAAIAAAAHMzYuNjM1NADl | DX1: W0Nn2eveCPr2e4PZ694IHENJUS5JUVQzMTMzMTczNDQuSVFfQ0RTX01JRC4BAAAA8awBAAIAAAAHNjEuMjkyOADlW0Nn2eveCHY/ZYPZ694IG0NJUS5JUVQ0NjIwMDMxNy5JUV9DRFNfTUlELgEAAAD+VA0AAgAAAAc2Mi4zODQxAOVbQ2fZ694IN3Zug9nr3ggcQ0lRLklRVDY0NDcwMTc5Ny5JUV9DRFNfTUlELgEAAABTP30BAgAAAAY5Ljc2MjgA5VtDZ9nr3gi5caCD2eveCBtDSVEuSVFUNDYyMTY5ODYuSVFfQ0RTX01JRC4BAAAAzkQ4AQMAAAAAAOVbQ2fZ694IbQGLg9nr3ggcQ0lRLklRVDI1NDk1NTIzMy5JUV9DRFNfTUlELgEAAAA5VgoAAgAAAAc0My43MDUzAOVbQ2fZ694INRh1g9nr3ggbQ0lRLklRVDQ2MjI2MTMyLklRX0NEU19NSUQuAQAAAN1ZAAACAAAABzQ1LjU3ODQA5VtDZ9nr3gh4HnuD2eveCBxDSVEuSVFUMzEzMzEzNTI0LklRX0NEU19NSUQuAQAAAO9VDQACAAAABjYwLjUyMgDlW0Nn2eveCMPxY4PZ694IG0NJUS5JUVQ3OTYzOTkxMy5JUV9DRFNfTUlELgEAAAAgYxwCAgAAAAY3Ljk2MjcA5VtDZ9nr3gg0hpqD2eveCBtDSVEuSVFUNDYyMDc4NzIuSVFfQ0RTX01JRC4BAAAAWA0KAAIAAAAHNDEuMDA1MwDlW0Nn2eveCLFHhIPZ694IHENJUS5JUVQzMTMzMDU4NzkuSVFfQ0RTX01JRC4BAAAAhNbcAQIAAAAGMi4xNTIxAOVbQ2fZ694IXMGJg9nr3ggbQ0lRLklRVDQ2MjAzMzMyLklRX0NE | DY1: U19NSUQuAQAAAF8eNwACAAAABzEwLjgzMzMA5VtDZ9nr3gjspaWD2eveCBtDSVEuSVFUNDYyMTUxMTEuSVFfQ0RTX01JRC4BAAAAoEuyAQIAAAAHMzguNTQ2MgDlW0Nn2eveCHAHkYPZ694IG0NJUS5JUVQ2MjI3MDEwNi5JUV9DRFNfTUlELgEAAACtd4MAAgAAAAc3NS4yMTAyAOVbQ2fZ694Img1tg9nr3ggbQ0lRLklRVDc5NjQwMDI0LklRX0NEU19NSUQuAQAAADWPmwECAAAABjcuODMzMwDlW0Nn2eveCB+an4PZ694IG0NJUS5BQVBMLVVTLklRX0NPTVBBTllfTkFNRQUAAAAAAAAACAAAABQoSW52YWxpZCBJZGVudGlmaWVyKU4Oc4LZ694ILISpg9nr3gg=

Sheet Sovereigns
A1: Sovereign Market Monitoring Model
C3: 5-yr CDS (mid, bps) | H3: Stock Market (%) | L3: FX (USD/Loc) (%)
A4: Country | B4: Rating | C4: Now | D4: 5 day Δ | E4: 2 week Δ | F4: 3 month Δ | G4: 1 year Δ | H4: 5 day Δ | I4: 2 week Δ | J4: 3 month Δ | K4: 1 year Δ | L4: 5 day Δ | M4: 2 week Δ | N4: 3 month Δ | O4: 1 year Δ | P4: {=_xll.ciqfunctions.udf.CIQ("AAPL-US","IQ_COMPANY_NAME")} -> (Invalid Identifier)
A5: Threshold (Green) | D5: -3 | E5: -3 | F5: -15 | G5: -20 | H5: 3 | I5: 5 | J5: 15 | K5: 25
A6: Threshold Red | D6: 3 | E6: 3 | F6: 15 | G6: 20 | H6: -3 | I6: -5 | J6: -15 | K6: -25
A7: America | P7: CDS RIC | Q7: Equity RIC | R7: Current Price | S7: Price 5 days ago | T7: FX RC | U7: FX now | V7: FX 5 days ago
A8: Brazil | C8: ='CDS from CapitalIQ'!C3 -> 124.356 | D8: ='CDS from CapitalIQ'!T3 -> 3.6166 | E8: ='CDS from CapitalIQ'!V3 -> -0.376 | F8: ='CDS from CapitalIQ'!W3 -> 0.6491 | G8: ='CDS from CapitalIQ'!X3 -> -24.0318 | H8: {=(_xll.TR(Q8,"TR.PriceClose")-_xll.TR(Q8,"TR.PriceClose","SDate:"&TEXT(WORKDAY(TODAY(),-5),"yyyy-mm-dd")))/_xll.TR(Q8,"TR.PriceClose","SDate:"&TEXT(WORKDAY(TODAY(),-5),"yyyy-mm-dd"))*100} -> 0.38679978 | I8: {=((_xll.TR(Q8,"TR.PriceClose")-_xll.TR(Q8,"TR.PriceClose","SDate:"&TEXT(WORKDAY(TODAY(),-14),"yyyy-mm-dd")))/_xll.TR(Q8,"TR.PriceClose","SDate:"&TEXT(WORKDAY(TODAY(),-14),"yyyy-mm-dd")))*100} -> 1.1750157 | J8: {=IFERROR(((_xll.TR(Q8,"TR.PriceClose")-_xll.TR(Q8,"TR.PriceClose","SDate:"&EDATE(TODAY(),-3)))/_xll.TR(Q8,"TR.PriceClose","SDate:"&EDATE(TODAY(),-3)))*100,"-")} -> -8.1954527 | K8: {=IFERROR(((_xll.TR(Q8,"TR.PriceClose")-_xll.TR(Q8,"TR.PriceClose","SDate:"&EDATE(TODAY(),-12)))/_xll.TR(Q8,"TR.PriceClose","SDate:"&EDATE(TODAY(),-12)))*100,"-")} -> 30.344893 | L8: {=_xll.TR(T8,"TR.MIDPRICE","SDate:"&TEXT(WORKDAY(TODAY(),-5),"yyyy-mm-dd"))} -> 5.09005 | M8: {=_xll.TR(T8,"TR.MIDPRICE","SDate:"&TEXT(WORKDAY(TODAY(),-14),"yyyy-mm-dd"))} -> 5.15875 | N8: {=-_xll.TR(T8,"PCTCHG_3M")} -> -2.49 | O8: {=-_xll.TR(T8,"PCTCHG_YTD")} -> 6.82 | P8: BRGV5YUSAC=R | Q8: .BVSP | R8: {=_xll.TR(Q8,"TR.PriceClose")} -> 174041.95 | S8: {=_xll.TR(Q8,"TR.PriceClose","SDate:"&TEXT(WORKDAY(TODAY(),-5),"yyyy-mm-dd"))} -> 173371.35 | T8: BRL= | U8: {=_xll.TR(T8,"BID")} -> 5.1036 | V8: {=_xll.TR(T8,"CF_CLOSE","SDate:"&TEXT(WORKDAY(TODAY(),-5),"yyyy-mm-dd"))} -> 5.0837
A9: Canada | C9: ='CDS from CapitalIQ'!C4 -> 11.034 | D9: ='CDS from CapitalIQ'!T4 -> 0.0325 | E9: ='CDS from CapitalIQ'!V4 -> -0.1668 | F9: ='CDS from CapitalIQ'!W4 -> -1.3208 | G9: ='CDS from CapitalIQ'!X4 -> -4.9392 | H9: {=(_xll.TR(Q9,"TR.PriceClose")-_xll.TR(Q9,"TR.PriceClose","SDate:"&TEXT(WORKDAY(TODAY(),-5),"yyyy-mm-dd")))/_xll.TR(Q9,"TR.PriceClose","SDate:"&TEXT(WORKDAY(TODAY(),-5),"yyyy-mm-dd"))*100} -> 1.1692685 | I9: {=((_xll.TR(Q9,"TR.PriceClose")-_xll.TR(Q9,"TR.PriceClose","SDate:"&TEXT(WORKDAY(TODAY(),-14),"yyyy-mm-dd")))/_xll.TR(Q9,"TR.PriceClose","SDate:"&TEXT(WORKDAY(TODAY(),-14),"yyyy-mm-dd")))*100} -> 0.27361189 | J9: {=IFERROR(((_xll.TR(Q9,"TR.PriceClose")-_xll.TR(Q9,"TR.PriceClose","SDate:"&EDATE(TODAY(),-3)))/_xll.TR(Q9,"TR.PriceClose","SDate:"&EDATE(TODAY(),-3)))*100,"-")} -> 4.5860231 | K9: {=IFERROR(((_xll.TR(Q9,"TR.PriceClose")-_xll.TR(Q9,"TR.PriceClose","SDate:"&EDATE(TODAY(),-12)))/_xll.TR(Q9,"TR.PriceClose","SDate:"&EDATE(TODAY(),-12)))*100,"-")} -> 28.641339 | L9: {=_xll.TR(T9,"TR.BIDPRICE","SDate:"&TEXT(WORKDAY(TODAY(),-5),"yyyy-mm-dd"))} -> 1.4069 | M9: {=_xll.TR(T9,"TR.MIDPRICE","SDate:"&TEXT(WORKDAY(TODAY(),-14),"yyyy-mm-dd"))} -> 1.42005 | N9: {=-_xll.TR(T9,"PCTCHG_3M")} -> -3.23 | O9: {=-_xll.TR(T9,"PCTCHG_YTD")} -> -2.81 | P9: CAGV5YUSAC=R | Q9: .GSPTSE | R9: {=_xll.TR(Q9,"TR.PriceClose")} -> 35369.1 | S9: {=_xll.TR(Q9,"TR.PriceClose","SDate:"&TEXT(WORKDAY(TODAY(),-5),"yyyy-mm-dd"))} -> 34960.32 | T9: CAD= | U9: {=_xll.TR(T9,"BID")} -> 1.4109 | V9: {=_xll.TR(T9,"CF_CLOSE","SDate:"&TEXT(WORKDAY(TODAY(),-5),"yyyy-mm-dd"))} -> 1.4092
A10: Mexico | C10: ='CDS from CapitalIQ'!C5 -> 87.8011 | D10: ='CDS from CapitalIQ'!T5 -> 1.9264 | E10: ='CDS from CapitalIQ'!V5 -> 1.9526 | F10: ='CDS from CapitalIQ'!W5 -> -1.1426 | G10: ='CDS from CapitalIQ'!X5 -> -24.5971 | H10: {=(_xll.TR(Q10,"TR.PriceClose")-_xll.TR(Q10,"TR.PriceClose","SDate:"&TEXT(WORKDAY(TODAY(),-5),"yyyy-mm-dd")))/_xll.TR(Q10,"TR.PriceClose","SDate:"&TEXT(WORKDAY(TODAY(),-5),"yyyy-mm-dd"))*100} -> 0.39393383 | I10: {=((_xll.TR(Q10,"TR.PriceClose")-_xll.TR(Q10,"TR.PriceClose","SDate:"&TEXT(WORKDAY(TODAY(),-14),"yyyy-mm-dd")))/_xll.TR(Q10,"TR.PriceClose","SDate:"&TEXT(WORKDAY(TODAY(),-14),"yyyy-mm-dd")))*100} -> -0.43710733 | J10: {=IFERROR(((_xll.TR(Q10,"TR.PriceClose")-_xll.TR(Q10,"TR.PriceClose","SDate:"&EDATE(TODAY(),-3)))/_xll.TR(Q10,"TR.PriceClose","SDate:"&EDATE(TODAY(),-3)))*100,"-")} -> -2.3665894 | K10: {=IFERROR(((_xll.TR(Q10,"TR.PriceClose")-_xll.TR(Q10,"TR.PriceClose","SDate:"&EDATE(TODAY(),-12)))/_xll.TR(Q10,"TR.PriceClose","SDate:"&EDATE(TODAY(),-12)))*100,"-")} -> 15.805345 | L10: {=_xll.TR(T10,"TR.BIDPRICE","SDate:"&TEXT(WORKDAY(TODAY(),-5),"yyyy-mm-dd"))} -> 17.4246 | M10: {=_xll.TR(T10,"TR.MIDPRICE","SDate:"&TEXT(WORKDAY(TODAY(),-14),"yyyy-mm-dd"))} -> 17.51535 | N10: {=-_xll.TR(T10,"PCTCHG_3M")} -> -0.31 | O10: {=-_xll.TR(T10,"PCTCHG_YTD")} -> 3.18 | P10: MXGV5YUSAC=R | Q10: .MXX | R10: {=_xll.TR(Q10,"TR.PriceClose")} -> 66383.26 | S10: {=_xll.TR(Q10,"TR.PriceClose","SDate:"&TEXT(WORKDAY(TODAY(),-5),"yyyy-mm-dd"))} -> 66122.78 | T10: MXN= | U10: {=_xll.TR(T10,"BID")} -> 17.4317 | V10: {=_xll.TR(T10,"CF_CLOSE","SDate:"&TEXT(WORKDAY(TODAY(),-5),"yyyy-mm-dd"))} -> 17.477
A11: United States | C11: ='CDS from CapitalIQ'!C6 -> 40.5706 | D11: ='CDS from CapitalIQ'!T6 -> -0.6246 | E11: ='CDS from CapitalIQ'!V6 -> -1.1794 | F11: ='CDS from CapitalIQ'!W6 -> 1.9358 | G11: ='CDS from CapitalIQ'!X6 -> 0.3236 | H11: {=(_xll.TR(Q11,"TR.PriceClose")-_xll.TR(Q11,"TR.PriceClose","SDate:"&TEXT(WORKDAY(TODAY(),-5),"yyyy-mm-dd")))/_xll.TR(Q11,"TR.PriceClose","SDate:"&TEXT(WORKDAY(TODAY(),-5),"yyyy-mm-dd"))*100} -> -0.42051354 | I11: {=((_xll.TR(Q11,"TR.PriceClose")-_xll.TR(Q11,"TR.PriceClose","SDate:"&TEXT(WORKDAY(TODAY(),-14),"yyyy-mm-dd")))/_xll.TR(Q11,"TR.PriceClose","SDate:"&TEXT(WORKDAY(TODAY(),-14),"yyyy-mm-dd")))*100} -> -1.2243049 | J11: {=IFERROR(((_xll.TR(Q11,"TR.PriceClose")-_xll.TR(Q11,"TR.PriceClose","SDate:"&EDATE(TODAY(),-3)))/_xll.TR(Q11,"TR.PriceClose","SDate:"&EDATE(TODAY(),-3)))*100,"-")} -> 3.3185529 | K11: {=IFERROR(((_xll.TR(Q11,"TR.PriceClose")-_xll.TR(Q11,"TR.PriceClose","SDate:"&EDATE(TODAY(),-12)))/_xll.TR(Q11,"TR.PriceClose","SDate:"&EDATE(TODAY(),-12)))*100,"-")} -> 16.01812 | L11: 0 | M11: 0 | N11: 0 | O11: 0 | P11: USGV5YUSAC=R | Q11: .SPX | R11: {=_xll.TR(Q11,"TR.PriceClose")} -> 7411.98 | S11: {=_xll.TR(Q11,"TR.PriceClose","SDate:"&TEXT(WORKDAY(TODAY(),-5),"yyyy-mm-dd"))} -> 7443.28 | T11: DXY
A12: Euro Area
A13: Austria | C13: ='CDS from CapitalIQ'!C8 -> 11.1824 | D13: ='CDS from CapitalIQ'!T8 -> 0.1226 | E13: ='CDS from CapitalIQ'!V8 -> 0.1826 | F13: ='CDS from CapitalIQ'!W8 -> -2.0051 | G13: ='CDS from CapitalIQ'!X8 -> -3.8176 | H13: {=(_xll.TR(Q13,"TR.PriceClose")-_xll.TR(Q13,"TR.PriceClose","SDate:"&TEXT(WORKDAY(TODAY(),-5),"yyyy-mm-dd")))/_xll.TR(Q13,"TR.PriceClose","SDate:"&TEXT(WORKDAY(TODAY(),-5),"yyyy-mm-dd"))*100} -> 0.92358679 | I13: {=((_xll.TR(Q13,"TR.PriceClose")-_xll.TR(Q13,"TR.PriceClose","SDate:"&TEXT(WORKDAY(TODAY(),-14),"yyyy-mm-dd")))/_xll.TR(Q13,"TR.PriceClose","SDate:"&TEXT(WORKDAY(TODAY(),-14),"yyyy-mm-dd")))*100} -> -0.49859515 | J13: {=(_xll.TR(Q13,"TRDPRC_1")-_xll.TR(Q13,"TR.PriceClose","SDate:"&TEXT(WORKDAY(TODAY(),-65),"yyyy-mm-dd")))/_xll.TR(Q13,"TR.PriceClose","SDate:"&TEXT(WORKDAY(TODAY(),-65),"yyyy-mm-dd"))*100} -> 10.245378 | K13: {=(_xll.TR(Q13,"TRDPRC_1")-_xll.TR(Q13,"TR.PriceClose","SDate:"&TEXT(WORKDAY(TODAY(),-260),"yyyy-mm-dd")))/_xll.TR(Q13,"TR.PriceClose","SDate:"&TEXT(WORKDAY(TODAY(),-260),"yyyy-mm-dd"))*100} -> 39.381171 | L13: {=_xll.TR(T13,"TR.MIDPRICE","SDate:"&TEXT(WORKDAY(TODAY(),-5),"yyyy-mm-dd"))} -> 1.1415 | M13: {=_xll.TR(T13,"TR.MIDPRICE","SDate:"&TEXT(WORKDAY(TODAY(),-14),"yyyy-mm-dd"))} -> 1.14125 | N13: {=-_xll.TR(T13,"PCTCHG_3M")} -> 2.89 | O13: {=_xll.TR(T13,"TR.MIDPRICE","SDate:"&TEXT(EDATE(TODAY(),-12),"yyyy-mm-dd"))} -> 1.1742 | P13: ATGV5YUSAC=R | Q13: .ATX | R13: {=_xll.TR(Q13,"TR.PriceClose")} -> 6455.88 | S13: {=_xll.TR(Q13,"TR.PriceClose","SDate:"&TEXT(WORKDAY(TODAY(),-5),"yyyy-mm-dd"))} -> 6396.8 | T13: EUR= | U13: {=_xll.TR(T13,"BID")} -> 1.1381 | V13: {=_xll.TR(T13,"CF_CLOSE","SDate:"&TEXT(WORKDAY(TODAY(),-5),"yyyy-mm-dd"))} -> 1.1367
A14: Belgium | C14: ='CDS from CapitalIQ'!C9 -> 17.5524 | D14: ='CDS from CapitalIQ'!T9 -> 0.1774 | E14: ='CDS from CapitalIQ'!V9 -> 0.2191 | F14: ='CDS from CapitalIQ'!W9 -> -0.3851 | G14: ='CDS from CapitalIQ'!X9 -> -5.1143 | H14: {=(_xll.TR(Q14,"TR.PriceClose")-_xll.TR(Q14,"TR.PriceClose","SDate:"&TEXT(WORKDAY(TODAY(),-5),"yyyy-mm-dd")))/_xll.TR(Q14,"TR.PriceClose","SDate:"&TEXT(WORKDAY(TODAY(),-5),"yyyy-mm-dd"))*100} -> 2.0646868 | I14: {=((_xll.TR(Q14,"TR.PriceClose")-_xll.TR(Q14,"TR.PriceClose","SDate:"&TEXT(WORKDAY(TODAY(),-14),"yyyy-mm-dd")))/_xll.TR(Q14,"TR.PriceClose","SDate:"&TEXT(WORKDAY(TODAY(),-14),"yyyy-mm-dd")))*100} -> 0.18080403 | J14: {=(_xll.TR(Q14,"TRDPRC_1")-_xll.TR(Q14,"TR.PriceClose","SDate:"&TEXT(WORKDAY(TODAY(),-65),"yyyy-mm-dd")))/_xll.TR(Q14,"TR.PriceClose","SDate:"&TEXT(WORKDAY(TODAY(),-65),"yyyy-mm-dd"))*100} -> 6.5712008 | K14: {=(_xll.TR(Q14,"TRDPRC_1")-_xll.TR(Q14,"TR.PriceClose","SDate:"&TEXT(WORKDAY(TODAY(),-260),"yyyy-mm-dd")))/_xll.TR(Q14,"TR.PriceClose","SDate:"&TEXT(WORKDAY(TODAY(),-260),"yyyy-mm-dd"))*100} -> 24.232933 | L14: {=_xll.TR(T14,"TR.MIDPRICE","SDate:"&TEXT(WORKDAY(TODAY(),-5),"yyyy-mm-dd"))} -> 1.1415 | M14: {=_xll.TR(T14,"TR.MIDPRICE","SDate:"&TEXT(WORKDAY(TODAY(),-14),"yyyy-mm-dd"))} -> 1.14125 | N14: {=-_xll.TR(T14,"PCTCHG_3M")} -> 2.89 | O14: {=_xll.TR(T14,"TR.MIDPRICE","SDate:"&TEXT(EDATE(TODAY(),-12),"yyyy-mm-dd"))} -> 1.1742 | P14: BEGV5YUSAC=R | Q14: .BFX | R14: {=_xll.TR(Q14,"TR.PriceClose")} -> 5734.78 | S14: {=_xll.TR(Q14,"TR.PriceClose","SDate:"&TEXT(WORKDAY(TODAY(),-5),"yyyy-mm-dd"))} -> 5618.77 | T14: EUR= | U14: {=_xll.TR(T14,"BID")} -> 1.1381 | V14: {=_xll.TR(T14,"CF_CLOSE","SDate:"&TEXT(WORKDAY(TODAY(),-5),"yyyy-mm-dd"))} -> 1.1367
A15: Finland | C15: ='CDS from CapitalIQ'!C10 -> 10.8333 | D15: ='CDS from CapitalIQ'!T10 -> -0.3334 | E15: ='CDS from CapitalIQ'!V10 -> -0.5421 | F15: ='CDS from CapitalIQ'!W10 -> -2 | G15: ='CDS from CapitalIQ'!X10 -> -4.6619 | H15: {=(_xll.TR(Q15,"TR.PriceClose")-_xll.TR(Q15,"TR.PriceClose","SDate:"&TEXT(WORKDAY(TODAY(),-5),"yyyy-mm-dd")))/_xll.TR(Q15,"TR.PriceClose","SDate:"&TEXT(WORKDAY(TODAY(),-5),"yyyy-mm-dd"))*100} -> 0.32230715 | I15: {=((_xll.TR(Q15,"TR.PriceClose")-_xll.TR(Q15,"TR.PriceClose","SDate:"&TEXT(WORKDAY(TODAY(),-14),"yyyy-mm-dd")))/_xll.TR(Q15,"TR.PriceClose","SDate:"&TEXT(WORKDAY(TODAY(),-14),"yyyy-mm-dd")))*100} -> 1.0317678 | J15: {=(_xll.TR(Q15,"TRDPRC_1")-_xll.TR(Q15,"TR.PriceClose","SDate:"&TEXT(WORKDAY(TODAY(),-65),"yyyy-mm-dd")))/_xll.TR(Q15,"TR.PriceClose","SDate:"&TEXT(WORKDAY(TODAY(),-65),"yyyy-mm-dd"))*100} -> -1.0188986 | K15: {=(_xll.TR(Q15,"TRDPRC_1")-_xll.TR(Q15,"TR.PriceClose","SDate:"&TEXT(WORKDAY(TODAY(),-260),"yyyy-mm-dd")))/_xll.TR(Q15,"TR.PriceClose","SDate:"&TEXT(WORKDAY(TODAY(),-260),"yyyy-mm-dd"))*100} -> 25.571786 | L15: {=_xll.TR(T15,"TR.MIDPRICE","SDate:"&TEXT(WORKDAY(TODAY(),-5),"yyyy-mm-dd"))} -> 1.1415 | M15: {=_xll.TR(T15,"TR.MIDPRICE","SDate:"&TEXT(WORKDAY(TODAY(),-14),"yyyy-mm-dd"))} -> 1.14125 | N15: {=-_xll.TR(T15,"PCTCHG_3M")} -> 2.89 | O15: {=_xll.TR(T15,"TR.MIDPRICE","SDate:"&TEXT(EDATE(TODAY(),-12),"yyyy-mm-dd"))} -> 1.1742 | P15: FIGV5YUSAC=R | Q15: .OMXH25 | R15: {=_xll.TR(Q15,"TR.PriceClose")} -> 6200.36 | S15: {=_xll.TR(Q15,"TR.PriceClose","SDate:"&TEXT(WORKDAY(TODAY(),-5),"yyyy-mm-dd"))} -> 6180.44 | T15: EUR= | U15: {=_xll.TR(T15,"BID")} -> 1.1381 | V15: {=_xll.TR(T15,"CF_CLOSE","SDate:"&TEXT(WORKDAY(TODAY(),-5),"yyyy-mm-dd"))} -> 1.1367
A16: France | C16: ='CDS from CapitalIQ'!C11 -> 31.7563 | D16: ='CDS from CapitalIQ'!T11 -> 0.3463 | E16: ='CDS from CapitalIQ'!V11 -> 0.8982 | F16: ='CDS from CapitalIQ'!W11 -> 3.9086 | G16: ='CDS from CapitalIQ'!X11 -> -0.4218 | H16: {=(_xll.TR(Q16,"TR.PriceClose")-_xll.TR(Q16,"TR.PriceClose","SDate:"&TEXT(WORKDAY(TODAY(),-5),"yyyy-mm-dd")))/_xll.TR(Q16,"TR.PriceClose","SDate:"&TEXT(WORKDAY(TODAY(),-5),"yyyy-mm-dd"))*100} -> 0.38572633 | I16: {=((_xll.TR(Q16,"TR.PriceClose")-_xll.TR(Q16,"TR.PriceClose","SDate:"&TEXT(WORKDAY(TODAY(),-14),"yyyy-mm-dd")))/_xll.TR(Q16,"TR.PriceClose","SDate:"&TEXT(WORKDAY(TODAY(),-14),"yyyy-mm-dd")))*100} -> -0.75815766 | J16: {=(_xll.TR(Q16,"TRDPRC_1")-_xll.TR(Q16,"TR.PriceClose","SDate:"&TEXT(WORKDAY(TODAY(),-65),"yyyy-mm-dd")))/_xll.TR(Q16,"TR.PriceClose","SDate:"&TEXT(WORKDAY(TODAY(),-65),"yyyy-mm-dd"))*100} -> 3.2441979 | K16: {=(_xll.TR(Q16,"TRDPRC_1")-_xll.TR(Q16,"TR.PriceClose","SDate:"&TEXT(WORKDAY(TODAY(),-260),"yyyy-mm-dd")))/_xll.TR(Q16,"TR.PriceClose","SDate:"&TEXT(WORKDAY(TODAY(),-260),"yyyy-mm-dd"))*100} -> 7.7578427 | L16: {=_xll.TR(T16,"TR.MIDPRICE","SDate:"&TEXT(WORKDAY(TODAY(),-5),"yyyy-mm-dd"))} -> 1.1415 | M16: {=_xll.TR(T16,"TR.MIDPRICE","SDate:"&TEXT(WORKDAY(TODAY(),-14),"yyyy-mm-dd"))} -> 1.14125 | N16: {=-_xll.TR(T16,"PCTCHG_3M")} -> 2.89 | O16: {=_xll.TR(T16,"TR.MIDPRICE","SDate:"&TEXT(EDATE(TODAY(),-12),"yyyy-mm-dd"))} -> 1.1742 | P16: FRGV5YUSAC=R | Q16: .FCHI | R16: {=_xll.TR(Q16,"TR.PriceClose")} -> 8372.28 | S16: {=_xll.TR(Q16,"TR.PriceClose","SDate:"&TEXT(WORKDAY(TODAY(),-5),"yyyy-mm-dd"))} -> 8340.11 | T16: EUR= | U16: {=_xll.TR(T16,"BID")} -> 1.1381 | V16: {=_xll.TR(T16,"CF_CLOSE","SDate:"&TEXT(WORKDAY(TODAY(),-5),"yyyy-mm-dd"))} -> 1.1367
A17: Germany | C17: ='CDS from CapitalIQ'!C12 -> 7.0261 | D17: ='CDS from CapitalIQ'!T12 -> 0.0049 | E17: ='CDS from CapitalIQ'!V12 -> 0.0256 | F17: ='CDS from CapitalIQ'!W12 -> -2.0403 | G17: ='CDS from CapitalIQ'!X12 -> -1.3072 | H17: {=(_xll.TR(Q17,"TR.PriceClose")-_xll.TR(Q17,"TR.PriceClose","SDate:"&TEXT(WORKDAY(TODAY(),-5),"yyyy-mm-dd")))/_xll.TR(Q17,"TR.PriceClose","SDate:"&TEXT(WORKDAY(TODAY(),-5),"yyyy-mm-dd"))*100} -> 1.0154673 | I17: {=((_xll.TR(Q17,"TR.PriceClose")-_xll.TR(Q17,"TR.PriceClose","SDate:"&TEXT(WORKDAY(TODAY(),-14),"yyyy-mm-dd")))/_xll.TR(Q17,"TR.PriceClose","SDate:"&TEXT(WORKDAY(TODAY(),-14),"yyyy-mm-dd")))*100} -> -1.4382345 | J17: {=(_xll.TR(Q17,"TRDPRC_1")-_xll.TR(Q17,"TR.PriceClose","SDate:"&TEXT(WORKDAY(TODAY(),-65),"yyyy-mm-dd")))/_xll.TR(Q17,"TR.PriceClose","SDate:"&TEXT(WORKDAY(TODAY(),-65),"yyyy-mm-dd"))*100} -> 5.304455 | K17: {=(_xll.TR(Q17,"TRDPRC_1")-_xll.TR(Q17,"TR.PriceClose","SDate:"&TEXT(WORKDAY(TODAY(),-260),"yyyy-mm-dd")))/_xll.TR(Q17,"TR.PriceClose","SDate:"&TEXT(WORKDAY(TODAY(),-260),"yyyy-mm-dd"))*100} -> 5.8016233 | L17: {=_xll.TR(T17,"TR.MIDPRICE","SDate:"&TEXT(WORKDAY(TODAY(),-5),"yyyy-mm-dd"))} -> 1.1415 | M17: {=_xll.TR(T17,"TR.MIDPRICE","SDate:"&TEXT(WORKDAY(TODAY(),-14),"yyyy-mm-dd"))} -> 1.14125 | N17: {=-_xll.TR(T17,"PCTCHG_3M")} -> 2.89 | O17: {=_xll.TR(T17,"TR.MIDPRICE","SDate:"&TEXT(EDATE(TODAY(),-12),"yyyy-mm-dd"))} -> 1.1742 | P17: DEGV5YUSAC=R | Q17: .GDAXI | R17: {=_xll.TR(Q17,"TR.PriceClose")} -> 25099 | S17: {=_xll.TR(Q17,"TR.PriceClose","SDate:"&TEXT(WORKDAY(TODAY(),-5),"yyyy-mm-dd"))} -> 24846.69 | T17: EUR= | U17: {=_xll.TR(T17,"BID")} -> 1.1381 | V17: {=_xll.TR(T17,"CF_CLOSE","SDate:"&TEXT(WORKDAY(TODAY(),-5),"yyyy-mm-dd"))} -> 1.1367
A18: France | C18: ='CDS from CapitalIQ'!C13 -> 29.8333 | D18: ='CDS from CapitalIQ'!T13 -> 0.3333 | E18: ='CDS from CapitalIQ'!V13 -> 0.6506 | F18: ='CDS from CapitalIQ'!W13 -> -1.33 | G18: ='CDS from CapitalIQ'!X13 -> -12.5725 | H18: {=(_xll.TR(Q18,"TR.PriceClose")-_xll.TR(Q18,"TR.PriceClose","SDate:"&TEXT(WORKDAY(TODAY(),-5),"yyyy-mm-dd")))/_xll.TR(Q18,"TR.PriceClose","SDate:"&TEXT(WORKDAY(TODAY(),-5),"yyyy-mm-dd"))*100} -> 2.7727549 | I18: {=((_xll.TR(Q18,"TR.PriceClose")-_xll.TR(Q18,"TR.PriceClose","SDate:"&TEXT(WORKDAY(TODAY(),-14),"yyyy-mm-dd")))/_xll.TR(Q18,"TR.PriceClose","SDate:"&TEXT(WORKDAY(TODAY(),-14),"yyyy-mm-dd")))*100} -> -0.95004308 | J18: {=(_xll.TR(Q18,"TRDPRC_1")-_xll.TR(Q18,"TR.PriceClose","SDate:"&TEXT(WORKDAY(TODAY(),-65),"yyyy-mm-dd")))/_xll.TR(Q18,"TR.PriceClose","SDate:"&TEXT(WORKDAY(TODAY(),-65),"yyyy-mm-dd"))*100} -> 13.312092 | K18: {=(_xll.TR(Q18,"TRDPRC_1")-_xll.TR(Q18,"TR.PriceClose","SDate:"&TEXT(WORKDAY(TODAY(),-260),"yyyy-mm-dd")))/_xll.TR(Q18,"TR.PriceClose","SDate:"&TEXT(WORKDAY(TODAY(),-260),"yyyy-mm-dd"))*100} -> 29.112055 | L18: {=_xll.TR(T18,"TR.MIDPRICE","SDate:"&TEXT(WORKDAY(TODAY(),-5),"yyyy-mm-dd"))} -> 1.1415 | M18: {=_xll.TR(T18,"TR.MIDPRICE","SDate:"&TEXT(WORKDAY(TODAY(),-14),"yyyy-mm-dd"))} -> 1.14125 | N18: {=-_xll.TR(T18,"PCTCHG_3M")} -> 2.89 | O18: {=_xll.TR(T18,"TR.MIDPRICE","SDate:"&TEXT(EDATE(TODAY(),-12),"yyyy-mm-dd"))} -> 1.1742 | P18: GRGV5YUSAC=R | Q18: .ATG | R18: {=_xll.TR(Q18,"TR.PriceClose")} -> 2517.84 | S18: {=_xll.TR(Q18,"TR.PriceClose","SDate:"&TEXT(WORKDAY(TODAY(),-5),"yyyy-mm-dd"))} -> 2449.91 | T18: EUR= | U18: {=_xll.TR(T18,"BID")} -> 1.1381 | V18: {=_xll.TR(T18,"CF_CLOSE","SDate:"&TEXT(WORKDAY(TODAY(),-5),"yyyy-mm-dd"))} -> 1.1367
A19: Ireland | C19: ='CDS from CapitalIQ'!C14 -> 14.5625 | D19: ='CDS from CapitalIQ'!T14 -> 0 | E19: ='CDS from CapitalIQ'!V14 -> 0.2292 | F19: ='CDS from CapitalIQ'!W14 -> -1.1875 | G19: ='CDS from CapitalIQ'!X14 -> -3.1042 | H19: {=(_xll.TR(Q19,"TR.PriceClose")-_xll.TR(Q19,"TR.PriceClose","SDate:"&TEXT(WORKDAY(TODAY(),-5),"yyyy-mm-dd")))/_xll.TR(Q19,"TR.PriceClose","SDate:"&TEXT(WORKDAY(TODAY(),-5),"yyyy-mm-dd"))*100} -> 0.81706484 | I19: {=((_xll.TR(Q19,"TR.PriceClose")-_xll.TR(Q19,"TR.PriceClose","SDate:"&TEXT(WORKDAY(TODAY(),-14),"yyyy-mm-dd")))/_xll.TR(Q19,"TR.PriceClose","SDate:"&TEXT(WORKDAY(TODAY(),-14),"yyyy-mm-dd")))*100} -> -2.787599 | J19: {=(_xll.TR(Q19,"TRDPRC_1")-_xll.TR(Q19,"TR.PriceClose","SDate:"&TEXT(WORKDAY(TODAY(),-65),"yyyy-mm-dd")))/_xll.TR(Q19,"TR.PriceClose","SDate:"&TEXT(WORKDAY(TODAY(),-65),"yyyy-mm-dd"))*100} -> 12.085721 | K19: {=(_xll.TR(Q19,"TRDPRC_1")-_xll.TR(Q19,"TR.PriceClose","SDate:"&TEXT(WORKDAY(TODAY(),-260),"yyyy-mm-dd")))/_xll.TR(Q19,"TR.PriceClose","SDate:"&TEXT(WORKDAY(TODAY(),-260),"yyyy-mm-dd"))*100} -> 17.868819 | L19: {=_xll.TR(T19,"TR.MIDPRICE","SDate:"&TEXT(WORKDAY(TODAY(),-5),"yyyy-mm-dd"))} -> 1.1415 | M19: {=_xll.TR(T19,"TR.MIDPRICE","SDate:"&TEXT(WORKDAY(TODAY(),-14),"yyyy-mm-dd"))} -> 1.14125 | N19: {=-_xll.TR(T19,"PCTCHG_3M")} -> 2.89 | O19: {=_xll.TR(T19,"TR.MIDPRICE","SDate:"&TEXT(EDATE(TODAY(),-12),"yyyy-mm-dd"))} -> 1.1742 | P19: IEGV5YUSAC=R | Q19: .ISEQ | R19: {=_xll.TR(Q19,"TR.PriceClose")} -> 13571.59 | S19: {=_xll.TR(Q19,"TR.PriceClose","SDate:"&TEXT(WORKDAY(TODAY(),-5),"yyyy-mm-dd"))} -> 13461.6 | T19: EUR= | U19: {=_xll.TR(T19,"BID")} -> 1.1381 | V19: {=_xll.TR(T19,"CF_CLOSE","SDate:"&TEXT(WORKDAY(TODAY(),-5),"yyyy-mm-dd"))} -> 1.1367
A20: Italy | C20: ='CDS from CapitalIQ'!C15 -> 30.5 | D20: ='CDS from CapitalIQ'!T15 -> 0.15 | E20: ='CDS from CapitalIQ'!V15 -> 1.3473 | F20: ='CDS from CapitalIQ'!W15 -> -0.835 | G20: ='CDS from CapitalIQ'!X15 -> -9.1515 | H20: {=(_xll.TR(Q20,"TR.PriceClose")-_xll.TR(Q20,"TR.PriceClose","SDate:"&TEXT(WORKDAY(TODAY(),-5),"yyyy-mm-dd")))/_xll.TR(Q20,"TR.PriceClose","SDate:"&TEXT(WORKDAY(TODAY(),-5),"yyyy-mm-dd"))*100} -> -0.11676965 | I20: {=((_xll.TR(Q20,"TR.PriceClose")-_xll.TR(Q20,"TR.PriceClose","SDate:"&TEXT(WORKDAY(TODAY(),-14),"yyyy-mm-dd")))/_xll.TR(Q20,"TR.PriceClose","SDate:"&TEXT(WORKDAY(TODAY(),-14),"yyyy-mm-dd")))*100} -> -1.2452665 | J20: {=(_xll.TR(Q20,"TRDPRC_1")-_xll.TR(Q20,"TR.PriceClose","SDate:"&TEXT(WORKDAY(TODAY(),-65),"yyyy-mm-dd")))/_xll.TR(Q20,"TR.PriceClose","SDate:"&TEXT(WORKDAY(TODAY(),-65),"yyyy-mm-dd"))*100} -> 9.1895966 | K20: {=(_xll.TR(Q20,"TRDPRC_1")-_xll.TR(Q20,"TR.PriceClose","SDate:"&TEXT(WORKDAY(TODAY(),-260),"yyyy-mm-dd")))/_xll.TR(Q20,"TR.PriceClose","SDate:"&TEXT(WORKDAY(TODAY(),-260),"yyyy-mm-dd"))*100} -> 27.797593 | L20: {=_xll.TR(T20,"TR.MIDPRICE","SDate:"&TEXT(WORKDAY(TODAY(),-5),"yyyy-mm-dd"))} -> 1.1415 | M20: {=_xll.TR(T20,"TR.MIDPRICE","SDate:"&TEXT(WORKDAY(TODAY(),-14),"yyyy-mm-dd"))} -> 1.14125 | N20: {=-_xll.TR(T20,"PCTCHG_3M")} -> 2.89 | O20: {=_xll.TR(T20,"TR.MIDPRICE","SDate:"&TEXT(EDATE(TODAY(),-12),"yyyy-mm-dd"))} -> 1.1742 | P20: ITGV5YUSAC=R | Q20: .FTMIB | R20: {=_xll.TR(Q20,"TR.PriceClose")} -> 51802.23 | S20: {=_xll.TR(Q20,"TR.PriceClose","SDate:"&TEXT(WORKDAY(TODAY(),-5),"yyyy-mm-dd"))} -> 51862.79 | T20: EUR= | U20: {=_xll.TR(T20,"BID")} -> 1.1381 | V20: {=_xll.TR(T20,"CF_CLOSE","SDate:"&TEXT(WORKDAY(TODAY(),-5),"yyyy-mm-dd"))} -> 1.1367
A21: Luxembourg | C21: ='CDS from CapitalIQ'!C16 -> 9.7628 | D21: ='CDS from CapitalIQ'!T16 -> -0.4466 | E21: ='CDS from CapitalIQ'!V16 -> -0.234 | F21: ='CDS from CapitalIQ'!W16 -> -0.1665 | G21: ='CDS from CapitalIQ'!X16 -> -5.4558 | H21: {=(_xll.TR(Q21,"TR.PriceClose")-_xll.TR(Q21,"TR.PriceClose","SDate:"&TEXT(WORKDAY(TODAY(),-5),"yyyy-mm-dd")))/_xll.TR(Q21,"TR.PriceClose","SDate:"&TEXT(WORKDAY(TODAY(),-5),"yyyy-mm-dd"))*100} -> 0.53470818 | I21: {=((_xll.TR(Q21,"TR.PriceClose")-_xll.TR(Q21,"TR.PriceClose","SDate:"&TEXT(WORKDAY(TODAY(),-14),"yyyy-mm-dd")))/_xll.TR(Q21,"TR.PriceClose","SDate:"&TEXT(WORKDAY(TODAY(),-14),"yyyy-mm-dd")))*100} -> -1.7644648 | J21: {=(_xll.TR(Q21,"TRDPRC_1")-_xll.TR(Q21,"TR.PriceClose","SDate:"&TEXT(WORKDAY(TODAY(),-65),"yyyy-mm-dd")))/_xll.TR(Q21,"TR.PriceClose","SDate:"&TEXT(WORKDAY(TODAY(),-65),"yyyy-mm-dd"))*100} -> 1.8099946 | K21: {=(_xll.TR(Q21,"TRDPRC_1")-_xll.TR(Q21,"TR.PriceClose","SDate:"&TEXT(WORKDAY(TODAY(),-260),"yyyy-mm-dd")))/_xll.TR(Q21,"TR.PriceClose","SDate:"&TEXT(WORKDAY(TODAY(),-260),"yyyy-mm-dd"))*100} -> 29.73945 | L21: {=_xll.TR(T21,"TR.MIDPRICE","SDate:"&TEXT(WORKDAY(TODAY(),-5),"yyyy-mm-dd"))} -> 1.1415 | M21: {=_xll.TR(T21,"TR.MIDPRICE","SDate:"&TEXT(WORKDAY(TODAY(),-14),"yyyy-mm-dd"))} -> 1.14125 | N21: {=-_xll.TR(T21,"PCTCHG_3M")} -> 2.89 | O21: {=_xll.TR(T21,"TR.MIDPRICE","SDate:"&TEXT(EDATE(TODAY(),-12),"yyyy-mm-dd"))} -> 1.1742 | P21: LUGV5YUSAC=R | Q21: .LUXX | T21: EUR= | U21: {=_xll.TR(T21,"BID")} -> 1.1381 | V21: {=_xll.TR(T21,"CF_CLOSE","SDate:"&TEXT(WORKDAY(TODAY(),-5),"yyyy-mm-dd"))} -> 1.1367
A22: Netherlands | C22: ='CDS from CapitalIQ'!C17 -> 7.8333 | D22: ='CDS from CapitalIQ'!T17 -> 0.0333 | E22: ='CDS from CapitalIQ'!V17 -> 0.0333 | F22: ='CDS from CapitalIQ'!W17 -> -1.0867 | G22: ='CDS from CapitalIQ'!X17 -> -2.6427 | H22: {=(_xll.TR(Q22,"TR.PriceClose")-_xll.TR(Q22,"TR.PriceClose","SDate:"&TEXT(WORKDAY(TODAY(),-5),"yyyy-mm-dd")))/_xll.TR(Q22,"TR.PriceClose","SDate:"&TEXT(WORKDAY(TODAY(),-5),"yyyy-mm-dd"))*100} -> -0.044932281 | I22: {=((_xll.TR(Q22,"TR.PriceClose")-_xll.TR(Q22,"TR.PriceClose","SDate:"&TEXT(WORKDAY(TODAY(),-14),"yyyy-mm-dd")))/_xll.TR(Q22,"TR.PriceClose","SDate:"&TEXT(WORKDAY(TODAY(),-14),"yyyy-mm-dd")))*100} -> 1.0231696 | J22: {=(_xll.TR(Q22,"TRDPRC_1")-_xll.TR(Q22,"TR.PriceClose","SDate:"&TEXT(WORKDAY(TODAY(),-65),"yyyy-mm-dd")))/_xll.TR(Q22,"TR.PriceClose","SDate:"&TEXT(WORKDAY(TODAY(),-65),"yyyy-mm-dd"))*100} -> 7.1582203 | K22: {=(_xll.TR(Q22,"TRDPRC_1")-_xll.TR(Q22,"TR.PriceClose","SDate:"&TEXT(WORKDAY(TODAY(),-260),"yyyy-mm-dd")))/_xll.TR(Q22,"TR.PriceClose","SDate:"&TEXT(WORKDAY(TODAY(),-260),"yyyy-mm-dd"))*100} -> 19.061936 | L22: {=_xll.TR(T22,"TR.MIDPRICE","SDate:"&TEXT(WORKDAY(TODAY(),-5),"yyyy-mm-dd"))} -> 1.1415 | M22: {=_xll.TR(T22,"TR.MIDPRICE","SDate:"&TEXT(WORKDAY(TODAY(),-14),"yyyy-mm-dd"))} -> 1.14125 | N22: {=-_xll.TR(T22,"PCTCHG_3M")} -> 2.89 | O22: {=_xll.TR(T22,"TR.MIDPRICE","SDate:"&TEXT(EDATE(TODAY(),-12),"yyyy-mm-dd"))} -> 1.1742 | P22: NLGV5YUSAC=R | Q22: .AEX | R22: {=_xll.TR(Q22,"TR.PriceClose")} -> 1090.04 | S22: {=_xll.TR(Q22,"TR.PriceClose","SDate:"&TEXT(WORKDAY(TODAY(),-5),"yyyy-mm-dd"))} -> 1090.53 | T22: EUR= | U22: {=_xll.TR(T22,"BID")} -> 1.1381 | V22: {=_xll.TR(T22,"CF_CLOSE","SDate:"&TEXT(WORKDAY(TODAY(),-5),"yyyy-mm-dd"))} -> 1.1367
A23: Portugal | C23: ='CDS from CapitalIQ'!C18 -> 14.429 | D23: ='CDS from CapitalIQ'!T18 -> 0.054 | E23: ='CDS from CapitalIQ'!V18 -> 0.179 | F23: ='CDS from CapitalIQ'!W18 -> -1.986 | G23: ='CDS from CapitalIQ'!X18 -> -8.446 | H23: {=(_xll.TR(Q23,"TR.PriceClose")-_xll.TR(Q23,"TR.PriceClose","SDate:"&TEXT(WORKDAY(TODAY(),-5),"yyyy-mm-dd")))/_xll.TR(Q23,"TR.PriceClose","SDate:"&TEXT(WORKDAY(TODAY(),-5),"yyyy-mm-dd"))*100} -> 1.5919371 | I23: {=((_xll.TR(Q23,"TR.PriceClose")-_xll.TR(Q23,"TR.PriceClose","SDate:"&TEXT(WORKDAY(TODAY(),-14),"yyyy-mm-dd")))/_xll.TR(Q23,"TR.PriceClose","SDate:"&TEXT(WORKDAY(TODAY(),-14),"yyyy-mm-dd")))*100} -> -0.36760294 | J23: {=(_xll.TR(Q23,"TRDPRC_1")-_xll.TR(Q23,"TR.PriceClose","SDate:"&TEXT(WORKDAY(TODAY(),-65),"yyyy-mm-dd")))/_xll.TR(Q23,"TR.PriceClose","SDate:"&TEXT(WORKDAY(TODAY(),-65),"yyyy-mm-dd"))*100} -> -0.60495448 | K23: {=(_xll.TR(Q23,"TRDPRC_1")-_xll.TR(Q23,"TR.PriceClose","SDate:"&TEXT(WORKDAY(TODAY(),-260),"yyyy-mm-dd")))/_xll.TR(Q23,"TR.PriceClose","SDate:"&TEXT(WORKDAY(TODAY(),-260),"yyyy-mm-dd"))*100} -> 18.88572 | L23: {=_xll.TR(T23,"TR.MIDPRICE","SDate:"&TEXT(WORKDAY(TODAY(),-5),"yyyy-mm-dd"))} -> 1.1415 | M23: {=_xll.TR(T23,"TR.MIDPRICE","SDate:"&TEXT(WORKDAY(TODAY(),-14),"yyyy-mm-dd"))} -> 1.14125 | N23: {=-_xll.TR(T23,"PCTCHG_3M")} -> 2.89 | O23: {=_xll.TR(T23,"TR.MIDPRICE","SDate:"&TEXT(EDATE(TODAY(),-12),"yyyy-mm-dd"))} -> 1.1742 | P23: PTGV5YUSAC=R | Q23: .PSI20 | R23: {=_xll.TR(Q23,"TR.PriceClose")} -> 9215.11 | S23: {=_xll.TR(Q23,"TR.PriceClose","SDate:"&TEXT(WORKDAY(TODAY(),-5),"yyyy-mm-dd"))} -> 9070.71 | T23: EUR= | U23: {=_xll.TR(T23,"BID")} -> 1.1381 | V23: {=_xll.TR(T23,"CF_CLOSE","SDate:"&TEXT(WORKDAY(TODAY(),-5),"yyyy-mm-dd"))} -> 1.1367
A24: Slovenia | C24: ='CDS from CapitalIQ'!C19 -> 35.378 | D24: ='CDS from CapitalIQ'!T19 -> 0.2622 | E24: ='CDS from CapitalIQ'!V19 -> -0.7713 | F24: ='CDS from CapitalIQ'!W19 -> -3.1783 | G24: ='CDS from CapitalIQ'!X19 -> 1.9469 | H24: {=(_xll.TR(Q24,"TR.PriceClose")-_xll.TR(Q24,"TR.PriceClose","SDate:"&TEXT(WORKDAY(TODAY(),-5),"yyyy-mm-dd")))/_xll.TR(Q24,"TR.PriceClose","SDate:"&TEXT(WORKDAY(TODAY(),-5),"yyyy-mm-dd"))*100} -> 1.020957 | I24: {=((_xll.TR(Q24,"TR.PriceClose")-_xll.TR(Q24,"TR.PriceClose","SDate:"&TEXT(WORKDAY(TODAY(),-14),"yyyy-mm-dd")))/_xll.TR(Q24,"TR.PriceClose","SDate:"&TEXT(WORKDAY(TODAY(),-14),"yyyy-mm-dd")))*100} -> 3.4859069 | J24: {=(_xll.TR(Q24,"TRDPRC_1")-_xll.TR(Q24,"TR.PriceClose","SDate:"&TEXT(WORKDAY(TODAY(),-65),"yyyy-mm-dd")))/_xll.TR(Q24,"TR.PriceClose","SDate:"&TEXT(WORKDAY(TODAY(),-65),"yyyy-mm-dd"))*100} -> #VALUE! | K24: {=(_xll.TR(Q24,"TRDPRC_1")-_xll.TR(Q24,"TR.PriceClose","SDate:"&TEXT(WORKDAY(TODAY(),-260),"yyyy-mm-dd")))/_xll.TR(Q24,"TR.PriceClose","SDate:"&TEXT(WORKDAY(TODAY(),-260),"yyyy-mm-dd"))*100} -> 31.017416 | L24: {=_xll.TR(T24,"TR.MIDPRICE","SDate:"&TEXT(WORKDAY(TODAY(),-5),"yyyy-mm-dd"))} -> 1.1415 | M24: {=_xll.TR(T24,"TR.MIDPRICE","SDate:"&TEXT(WORKDAY(TODAY(),-14),"yyyy-mm-dd"))} -> 1.14125 | N24: {=-_xll.TR(T24,"PCTCHG_3M")} -> 2.89 | O24: {=_xll.TR(T24,"TR.MIDPRICE","SDate:"&TEXT(EDATE(TODAY(),-12),"yyyy-mm-dd"))} -> 1.1742 | P24: SIGV5YUSAC=R | Q24: .SBITOP | R24: {=_xll.TR(Q24,"TR.PriceClose")} -> 3211.83 | S24: {=_xll.TR(Q24,"TR.PriceClose","SDate:"&TEXT(WORKDAY(TODAY(),-5),"yyyy-mm-dd"))} -> 3179.37 | T24: EUR= | U24: {=_xll.TR(T24,"BID")} -> 1.1381 | V24: {=_xll.TR(T24,"CF_CLOSE","SDate:"&TEXT(WORKDAY(TODAY(),-5),"yyyy-mm-dd"))} -> 1.1367
A25: Spain | C25: ='CDS from CapitalIQ'!C20 -> 16.4726 | D25: ='CDS from CapitalIQ'!T20 -> 0.4527 | E25: ='CDS from CapitalIQ'!V20 -> 0.452 | F25: ='CDS from CapitalIQ'!W20 -> 0.0501 | G25: ='CDS from CapitalIQ'!X20 -> -10.586 | H25: {=(_xll.TR(Q25,"TR.PriceClose")-_xll.TR(Q25,"TR.PriceClose","SDate:"&TEXT(WORKDAY(TODAY(),-5),"yyyy-mm-dd")))/_xll.TR(Q25,"TR.PriceClose","SDate:"&TEXT(WORKDAY(TODAY(),-5),"yyyy-mm-dd"))*100} -> 1.970646 | I25: {=((_xll.TR(Q25,"TR.PriceClose")-_xll.TR(Q25,"TR.PriceClose","SDate:"&TEXT(WORKDAY(TODAY(),-14),"yyyy-mm-dd")))/_xll.TR(Q25,"TR.PriceClose","SDate:"&TEXT(WORKDAY(TODAY(),-14),"yyyy-mm-dd")))*100} -> -0.27901956 | J25: {=(_xll.TR(Q25,"TRDPRC_1")-_xll.TR(Q25,"TR.PriceClose","SDate:"&TEXT(WORKDAY(TODAY(),-65),"yyyy-mm-dd")))/_xll.TR(Q25,"TR.PriceClose","SDate:"&TEXT(WORKDAY(TODAY(),-65),"yyyy-mm-dd"))*100} -> 11.577525 | K25: {=(_xll.TR(Q25,"TRDPRC_1")-_xll.TR(Q25,"TR.PriceClose","SDate:"&TEXT(WORKDAY(TODAY(),-260),"yyyy-mm-dd")))/_xll.TR(Q25,"TR.PriceClose","SDate:"&TEXT(WORKDAY(TODAY(),-260),"yyyy-mm-dd"))*100} -> 38.825755 | L25: {=_xll.TR(T25,"TR.MIDPRICE","SDate:"&TEXT(WORKDAY(TODAY(),-5),"yyyy-mm-dd"))} -> 1.1415 | M25: {=_xll.TR(T25,"TR.MIDPRICE","SDate:"&TEXT(WORKDAY(TODAY(),-14),"yyyy-mm-dd"))} -> 1.14125 | N25: {=-_xll.TR(T25,"PCTCHG_3M")} -> 2.89 | O25: {=_xll.TR(T25,"TR.MIDPRICE","SDate:"&TEXT(EDATE(TODAY(),-12),"yyyy-mm-dd"))} -> 1.1742 | P25: ESGV5YUSAC=R | Q25: .IBEX | R25: {=_xll.TR(Q25,"TR.PriceClose")} -> 19585.4 | S25: {=_xll.TR(Q25,"TR.PriceClose","SDate:"&TEXT(WORKDAY(TODAY(),-5),"yyyy-mm-dd"))} -> 19206.9 | T25: EUR= | U25: {=_xll.TR(T25,"BID")} -> 1.1381 | V25: {=_xll.TR(T25,"CF_CLOSE","SDate:"&TEXT(WORKDAY(TODAY(),-5),"yyyy-mm-dd"))} -> 1.1367
A26: Other Europe
A27: United Kingdom | C27: ='CDS from CapitalIQ'!C22 -> 18 | D27: ='CDS from CapitalIQ'!T22 -> -0.125 | E27: ='CDS from CapitalIQ'!V22 -> 0.1667 | F27: ='CDS from CapitalIQ'!W22 -> -0.8333 | G27: ='CDS from CapitalIQ'!X22 -> 1.5 | H27: {=(_xll.TR(Q27,"TR.PriceClose")-_xll.TR(Q27,"TR.PriceClose","SDate:"&TEXT(WORKDAY(TODAY(),-5),"yyyy-mm-dd")))/_xll.TR(Q27,"TR.PriceClose","SDate:"&TEXT(WORKDAY(TODAY(),-5),"yyyy-mm-dd"))*100} -> 2.009262 | I27: {=((_xll.TR(Q27,"TR.PriceClose")-_xll.TR(Q27,"TR.PriceClose","SDate:"&TEXT(WORKDAY(TODAY(),-14),"yyyy-mm-dd")))/_xll.TR(Q27,"TR.PriceClose","SDate:"&TEXT(WORKDAY(TODAY(),-14),"yyyy-mm-dd")))*100} -> 0.65957989 | J27: {=(_xll.TR(Q27,"TRDPRC_1")-_xll.TR(Q27,"TR.PriceClose","SDate:"&TEXT(WORKDAY(TODAY(),-65),"yyyy-mm-dd")))/_xll.TR(Q27,"TR.PriceClose","SDate:"&TEXT(WORKDAY(TODAY(),-65),"yyyy-mm-dd"))*100} -> 4.4632883 | K27: {=(_xll.TR(Q27,"TRDPRC_1")-_xll.TR(Q27,"TR.PriceClose","SDate:"&TEXT(WORKDAY(TODAY(),-260),"yyyy-mm-dd")))/_xll.TR(Q27,"TR.PriceClose","SDate:"&TEXT(WORKDAY(TODAY(),-260),"yyyy-mm-dd"))*100} -> 18.722912 | L27: {=_xll.TR(T27,"TR.MIDPRICE","SDate:"&TEXT(WORKDAY(TODAY(),-5),"yyyy-mm-dd"))} -> 1.34315 | M27: {=_xll.TR(T27,"TR.MIDPRICE","SDate:"&TEXT(WORKDAY(TODAY(),-14),"yyyy-mm-dd"))} -> 1.3356 | N27: {=-_xll.TR(T27,"PCTCHG_3M")} -> 1.66 | O27: {=-_xll.TR(T27,"PCTCHG_YTD")} -> 1.24 | P27: GBGV5YUSAC=R | Q27: .FTSE | R27: {=_xll.TR(Q27,"TR.PriceClose")} -> 10736.23 | S27: {=_xll.TR(Q27,"TR.PriceClose","SDate:"&TEXT(WORKDAY(TODAY(),-5),"yyyy-mm-dd"))} -> 10524.76 | T27: GBP= | U27: {=_xll.TR(T27,"BID")} -> 1.3306 | V27: {=_xll.TR(T27,"CF_CLOSE","SDate:"&TEXT(WORKDAY(TODAY(),-5),"yyyy-mm-dd"))} -> 1.3319
A28: Czech Republic | C28: ='CDS from CapitalIQ'!C23 -> 29.2563 | D28: ='CDS from CapitalIQ'!T23 -> -0.0166 | E28: ='CDS from CapitalIQ'!V23 -> 0.287 | F28: ='CDS from CapitalIQ'!W23 -> -0.2102 | G28: ='CDS from CapitalIQ'!X23 -> 3.511 | H28: {=(_xll.TR(Q28,"TR.PriceClose")-_xll.TR(Q28,"TR.PriceClose","SDate:"&TEXT(WORKDAY(TODAY(),-5),"yyyy-mm-dd")))/_xll.TR(Q28,"TR.PriceClose","SDate:"&TEXT(WORKDAY(TODAY(),-5),"yyyy-mm-dd"))*100} -> 2.4061665 | I28: {=((_xll.TR(Q28,"TR.PriceClose")-_xll.TR(Q28,"TR.PriceClose","SDate:"&TEXT(WORKDAY(TODAY(),-14),"yyyy-mm-dd")))/_xll.TR(Q28,"TR.PriceClose","SDate:"&TEXT(WORKDAY(TODAY(),-14),"yyyy-mm-dd")))*100} -> 1.5765749 | J28: {=(_xll.TR(Q28,"TRDPRC_1")-_xll.TR(Q28,"TR.PriceClose","SDate:"&TEXT(WORKDAY(TODAY(),-65),"yyyy-mm-dd")))/_xll.TR(Q28,"TR.PriceClose","SDate:"&TEXT(WORKDAY(TODAY(),-65),"yyyy-mm-dd"))*100} -> 3.6521699 | K28: {=(_xll.TR(Q28,"TRDPRC_1")-_xll.TR(Q28,"TR.PriceClose","SDate:"&TEXT(WORKDAY(TODAY(),-260),"yyyy-mm-dd")))/_xll.TR(Q28,"TR.PriceClose","SDate:"&TEXT(WORKDAY(TODAY(),-260),"yyyy-mm-dd"))*100} -> 20.95748 | L28: {=_xll.TR(T28,"TR.MIDPRICE","SDate:"&TEXT(WORKDAY(TODAY(),-5),"yyyy-mm-dd"))} -> 21.2025 | M28: {=_xll.TR(T28,"TR.MIDPRICE","SDate:"&TEXT(WORKDAY(TODAY(),-14),"yyyy-mm-dd"))} -> 21.237 | N28: {=-_xll.TR(T28,"PCTCHG_3M")} -> -2.33 | O28: {=-_xll.TR(T28,"PCTCHG_YTD")} -> -3.3 | P28: CZGV5YUSAC=R | Q28: .PX | R28: {=_xll.TR(Q28,"TR.PriceClose")} -> 2654.46 | S28: {=_xll.TR(Q28,"TR.PriceClose","SDate:"&TEXT(WORKDAY(TODAY(),-5),"yyyy-mm-dd"))} -> 2592.09 | T28: CZK= | U28: {=_xll.TR(T28,"BID")} -> 21.232 | V28: {=_xll.TR(T28,"CF_CLOSE","SDate:"&TEXT(WORKDAY(TODAY(),-5),"yyyy-mm-dd"))} -> 21.207
A29: Denmark | C29: ='CDS from CapitalIQ'!C24 -> 7.9627 | D29: ='CDS from CapitalIQ'!T24 -> -0.1623 | E29: ='CDS from CapitalIQ'!V24 -> 0.05 | F29: ='CDS from CapitalIQ'!W24 -> -1.0373 | G29: ='CDS from CapitalIQ'!X24 -> -0.8168 | H29: {=(_xll.TR(Q29,"TR.PriceClose")-_xll.TR(Q29,"TR.PriceClose","SDate:"&TEXT(WORKDAY(TODAY(),-5),"yyyy-mm-dd")))/_xll.TR(Q29,"TR.PriceClose","SDate:"&TEXT(WORKDAY(TODAY(),-5),"yyyy-mm-dd"))*100} -> -3.3941498 | I29: {=((_xll.TR(Q29,"TR.PriceClose")-_xll.TR(Q29,"TR.PriceClose","SDate:"&TEXT(WORKDAY(TODAY(),-14),"yyyy-mm-dd")))/_xll.TR(Q29,"TR.PriceClose","SDate:"&TEXT(WORKDAY(TODAY(),-14),"yyyy-mm-dd")))*100} -> -3.231279 | J29: {=(_xll.TR(Q29,"TRDPRC_1")-_xll.TR(Q29,"TR.PriceClose","SDate:"&TEXT(WORKDAY(TODAY(),-65),"yyyy-mm-dd")))/_xll.TR(Q29,"TR.PriceClose","SDate:"&TEXT(WORKDAY(TODAY(),-65),"yyyy-mm-dd"))*100} -> 5.604645 | K29: {=(_xll.TR(Q29,"TRDPRC_1")-_xll.TR(Q29,"TR.PriceClose","SDate:"&TEXT(WORKDAY(TODAY(),-260),"yyyy-mm-dd")))/_xll.TR(Q29,"TR.PriceClose","SDate:"&TEXT(WORKDAY(TODAY(),-260),"yyyy-mm-dd"))*100} -> 2.8400263 | L29: {=_xll.TR(T29,"TR.MIDPRICE","SDate:"&TEXT(WORKDAY(TODAY(),-5),"yyyy-mm-dd"))} -> 6.5494 | M29: {=_xll.TR(T29,"TR.MIDPRICE","SDate:"&TEXT(WORKDAY(TODAY(),-14),"yyyy-mm-dd"))} -> 6.5503 | N29: {=-_xll.TR(T29,"PCTCHG_3M")} -> -3.04 | O29: {=-_xll.TR(T29,"PCTCHG_YTD")} -> -3.28 | P29: DKGV5YUSAC=R | Q29: .OMXC25CAP | T29: DKK= | U29: {=_xll.TR(T29,"BID")} -> 6.5675 | V29: {=_xll.TR(T29,"CF_CLOSE","SDate:"&TEXT(WORKDAY(TODAY(),-5),"yyyy-mm-dd"))} -> 6.5738
A30: Norway | C30: ='CDS from CapitalIQ'!C25 -> 4.6885 | D30: ='CDS from CapitalIQ'!T25 -> 0.0033 | E30: ='CDS from CapitalIQ'!V25 -> 0.1927 | F30: ='CDS from CapitalIQ'!W25 -> -1.0319 | G30: ='CDS from CapitalIQ'!X25 -> -3.1542 | H30: {=(_xll.TR(Q30,"TR.PriceClose")-_xll.TR(Q30,"TR.PriceClose","SDate:"&TEXT(WORKDAY(TODAY(),-5),"yyyy-mm-dd")))/_xll.TR(Q30,"TR.PriceClose","SDate:"&TEXT(WORKDAY(TODAY(),-5),"yyyy-mm-dd"))*100} -> 3.619168 | I30: {=((_xll.TR(Q30,"TR.PriceClose")-_xll.TR(Q30,"TR.PriceClose","SDate:"&TEXT(WORKDAY(TODAY(),-14),"yyyy-mm-dd")))/_xll.TR(Q30,"TR.PriceClose","SDate:"&TEXT(WORKDAY(TODAY(),-14),"yyyy-mm-dd")))*100} -> 4.571705 | J30: {=(_xll.TR(Q30,"TRDPRC_1")-_xll.TR(Q30,"TR.PriceClose","SDate:"&TEXT(WORKDAY(TODAY(),-65),"yyyy-mm-dd")))/_xll.TR(Q30,"TR.PriceClose","SDate:"&TEXT(WORKDAY(TODAY(),-65),"yyyy-mm-dd"))*100} -> 0.73496955 | K30: {=(_xll.TR(Q30,"TRDPRC_1")-_xll.TR(Q30,"TR.PriceClose","SDate:"&TEXT(WORKDAY(TODAY(),-260),"yyyy-mm-dd")))/_xll.TR(Q30,"TR.PriceClose","SDate:"&TEXT(WORKDAY(TODAY(),-260),"yyyy-mm-dd"))*100} -> 25.142014 | L30: {=_xll.TR(T30,"TR.MIDPRICE","SDate:"&TEXT(WORKDAY(TODAY(),-5),"yyyy-mm-dd"))} -> 9.6772 | M30: {=_xll.TR(T30,"TR.MIDPRICE","SDate:"&TEXT(WORKDAY(TODAY(),-14),"yyyy-mm-dd"))} -> 9.8027 | N30: {=-_xll.TR(T30,"PCTCHG_3M")} -> -3.71 | O30: {=-_xll.TR(T30,"PCTCHG_YTD")} -> 4.16 | P30: NOGV5YUSAC=R | Q30: .OSEAX | R30: {=_xll.TR(Q30,"TR.PriceClose")} -> 2377.49 | S30: {=_xll.TR(Q30,"TR.PriceClose","SDate:"&TEXT(WORKDAY(TODAY(),-5),"yyyy-mm-dd"))} -> 2294.45 | T30: NOK= | U30: {=_xll.TR(T30,"BID")} -> 9.6399 | V30: {=_xll.TR(T30,"CF_CLOSE","SDate:"&TEXT(WORKDAY(TODAY(),-5),"yyyy-mm-dd"))} -> 9.5755
A31: Poland | C31: ='CDS from CapitalIQ'!C26 -> 50.9221 | D31: ='CDS from CapitalIQ'!T26 -> -0.0054 | E31: ='CDS from CapitalIQ'!V26 -> 0.3641 | F31: ='CDS from CapitalIQ'!W26 -> -1.1306 | G31: ='CDS from CapitalIQ'!X26 -> -14.6878 | H31: {=(_xll.TR(Q31,"TR.PriceClose")-_xll.TR(Q31,"TR.PriceClose","SDate:"&TEXT(WORKDAY(TODAY(),-5),"yyyy-mm-dd")))/_xll.TR(Q31,"TR.PriceClose","SDate:"&TEXT(WORKDAY(TODAY(),-5),"yyyy-mm-dd"))*100} -> 1.1080428 | I31: {=((_xll.TR(Q31,"TR.PriceClose")-_xll.TR(Q31,"TR.PriceClose","SDate:"&TEXT(WORKDAY(TODAY(),-14),"yyyy-mm-dd")))/_xll.TR(Q31,"TR.PriceClose","SDate:"&TEXT(WORKDAY(TODAY(),-14),"yyyy-mm-dd")))*100} -> 4.1291545 | J31: {=(_xll.TR(Q31,"TRDPRC_1")-_xll.TR(Q31,"TR.PriceClose","SDate:"&TEXT(WORKDAY(TODAY(),-65),"yyyy-mm-dd")))/_xll.TR(Q31,"TR.PriceClose","SDate:"&TEXT(WORKDAY(TODAY(),-65),"yyyy-mm-dd"))*100} -> 8.655105 | K31: {=(_xll.TR(Q31,"TRDPRC_1")-_xll.TR(Q31,"TR.PriceClose","SDate:"&TEXT(WORKDAY(TODAY(),-260),"yyyy-mm-dd")))/_xll.TR(Q31,"TR.PriceClose","SDate:"&TEXT(WORKDAY(TODAY(),-260),"yyyy-mm-dd"))*100} -> 31.918049 | L31: {=_xll.TR(T31,"TR.MIDPRICE","SDate:"&TEXT(WORKDAY(TODAY(),-5),"yyyy-mm-dd"))} -> 3.7963 | M31: {=_xll.TR(T31,"TR.MIDPRICE","SDate:"&TEXT(WORKDAY(TODAY(),-14),"yyyy-mm-dd"))} -> 3.76915 | N31: {=-_xll.TR(T31,"PCTCHG_3M")} -> -4.96 | O31: {=-_xll.TR(T31,"PCTCHG_YTD")} -> -5.89 | P31: PLGV5YUSAC=R | Q31: .WIG20 | R31: {=_xll.TR(Q31,"TR.PriceClose")} -> 3826.08 | S31: {=_xll.TR(Q31,"TR.PriceClose","SDate:"&TEXT(WORKDAY(TODAY(),-5),"yyyy-mm-dd"))} -> 3784.15 | T31: PLN= | U31: {=_xll.TR(T31,"BID")} -> 3.7953 | V31: {=_xll.TR(T31,"CF_CLOSE","SDate:"&TEXT(WORKDAY(TODAY(),-5),"yyyy-mm-dd"))} -> 3.7926
A32: Sweden | C32: ='CDS from CapitalIQ'!C27 -> 6.6862 | D32: ='CDS from CapitalIQ'!T27 -> -0.0168 | E32: ='CDS from CapitalIQ'!V27 -> -0.1431 | F32: ='CDS from CapitalIQ'!W27 -> -1.3971 | G32: ='CDS from CapitalIQ'!X27 -> -3.1754 | H32: {=(_xll.TR(Q32,"TR.PriceClose")-_xll.TR(Q32,"TR.PriceClose","SDate:"&TEXT(WORKDAY(TODAY(),-5),"yyyy-mm-dd")))/_xll.TR(Q32,"TR.PriceClose","SDate:"&TEXT(WORKDAY(TODAY(),-5),"yyyy-mm-dd"))*100} -> 2.093748 | I32: {=((_xll.TR(Q32,"TR.PriceClose")-_xll.TR(Q32,"TR.PriceClose","SDate:"&TEXT(WORKDAY(TODAY(),-14),"yyyy-mm-dd")))/_xll.TR(Q32,"TR.PriceClose","SDate:"&TEXT(WORKDAY(TODAY(),-14),"yyyy-mm-dd")))*100} -> -0.1824074 | J32: {=(_xll.TR(Q32,"TRDPRC_1")-_xll.TR(Q32,"TR.PriceClose","SDate:"&TEXT(WORKDAY(TODAY(),-65),"yyyy-mm-dd")))/_xll.TR(Q32,"TR.PriceClose","SDate:"&TEXT(WORKDAY(TODAY(),-65),"yyyy-mm-dd"))*100} -> 4.4851295 | K32: {=(_xll.TR(Q32,"TRDPRC_1")-_xll.TR(Q32,"TR.PriceClose","SDate:"&TEXT(WORKDAY(TODAY(),-260),"yyyy-mm-dd")))/_xll.TR(Q32,"TR.PriceClose","SDate:"&TEXT(WORKDAY(TODAY(),-260),"yyyy-mm-dd"))*100} -> 24.267028 | L32: {=_xll.TR(T32,"TR.MIDPRICE","SDate:"&TEXT(WORKDAY(TODAY(),-5),"yyyy-mm-dd"))} -> 9.6817 | M32: {=_xll.TR(T32,"TR.MIDPRICE","SDate:"&TEXT(WORKDAY(TODAY(),-14),"yyyy-mm-dd"))} -> 9.69495 | N32: {=-_xll.TR(T32,"PCTCHG_3M")} -> -5.53 | O32: {=-_xll.TR(T32,"PCTCHG_YTD")} -> -5.6 | P32: SEGV5YUSAC=R | Q32: .OMXS30 | R32: {=_xll.TR(Q32,"TR.PriceClose")} -> 3199.615 | S32: {=_xll.TR(Q32,"TR.PriceClose","SDate:"&TEXT(WORKDAY(TODAY(),-5),"yyyy-mm-dd"))} -> 3133.997 | T32: SEK= | U32: {=_xll.TR(T32,"BID")} -> 9.7142 | V32: {=_xll.TR(T32,"CF_CLOSE","SDate:"&TEXT(WORKDAY(TODAY(),-5),"yyyy-mm-dd"))} -> 9.7124
A33: Switzerland | C33: ='CDS from CapitalIQ'!C28 -> 7.2471 | D33: ='CDS from CapitalIQ'!T28 -> 0.0041 | E33: ='CDS from CapitalIQ'!V28 -> 0.0063 | F33: ='CDS from CapitalIQ'!W28 -> -0.6339 | G33: ='CDS from CapitalIQ'!X28 -> -0.7529 | H33: {=(_xll.TR(Q33,"TR.PriceClose")-_xll.TR(Q33,"TR.PriceClose","SDate:"&TEXT(WORKDAY(TODAY(),-5),"yyyy-mm-dd")))/_xll.TR(Q33,"TR.PriceClose","SDate:"&TEXT(WORKDAY(TODAY(),-5),"yyyy-mm-dd"))*100} -> 0.51100155 | I33: {=((_xll.TR(Q33,"TR.PriceClose")-_xll.TR(Q33,"TR.PriceClose","SDate:"&TEXT(WORKDAY(TODAY(),-14),"yyyy-mm-dd")))/_xll.TR(Q33,"TR.PriceClose","SDate:"&TEXT(WORKDAY(TODAY(),-14),"yyyy-mm-dd")))*100} -> -0.23153871 | J33: {=(_xll.TR(Q33,"TRDPRC_1")-_xll.TR(Q33,"TR.PriceClose","SDate:"&TEXT(WORKDAY(TODAY(),-65),"yyyy-mm-dd")))/_xll.TR(Q33,"TR.PriceClose","SDate:"&TEXT(WORKDAY(TODAY(),-65),"yyyy-mm-dd"))*100} -> 9.5459024 | K33: {=(_xll.TR(Q33,"TRDPRC_1")-_xll.TR(Q33,"TR.PriceClose","SDate:"&TEXT(WORKDAY(TODAY(),-260),"yyyy-mm-dd")))/_xll.TR(Q33,"TR.PriceClose","SDate:"&TEXT(WORKDAY(TODAY(),-260),"yyyy-mm-dd"))*100} -> 21.040961 | L33: {=_xll.TR(T33,"TR.MIDPRICE","SDate:"&TEXT(WORKDAY(TODAY(),-5),"yyyy-mm-dd"))} -> 0.8101 | M33: {=_xll.TR(T33,"TR.MIDPRICE","SDate:"&TEXT(WORKDAY(TODAY(),-14),"yyyy-mm-dd"))} -> 0.80805 | N33: {=-_xll.TR(T33,"PCTCHG_3M")} -> -4.3 | O33: {=-_xll.TR(T33,"PCTCHG_YTD")} -> -3.26 | P33: CHGV5YUSAC=R | Q33: .SSMI | R33: {=_xll.TR(Q33,"TR.PriceClose")} -> 14327.2 | S33: {=_xll.TR(Q33,"TR.PriceClose","SDate:"&TEXT(WORKDAY(TODAY(),-5),"yyyy-mm-dd"))} -> 14254.36 | T33: CHF= | U33: {=_xll.TR(T33,"BID")} -> 0.8181 | V33: {=_xll.TR(T33,"CF_CLOSE","SDate:"&TEXT(WORKDAY(TODAY(),-5),"yyyy-mm-dd"))} -> 0.8181
A34: Ukraine | C34: ='CDS from CapitalIQ'!C29 -> 777.1624 | D34: ='CDS from CapitalIQ'!T29 -> 15.0701 | E34: ='CDS from CapitalIQ'!V29 -> 16.7151 | F34: ='CDS from CapitalIQ'!W29 -> 4.2977 | G34: ='CDS from CapitalIQ'!X29 -> -14010.167 | H34: {=(_xll.TR(Q34,"TR.PriceClose")-_xll.TR(Q34,"TR.PriceClose","SDate:"&TEXT(WORKDAY(TODAY(),-5),"yyyy-mm-dd")))/_xll.TR(Q34,"TR.PriceClose","SDate:"&TEXT(WORKDAY(TODAY(),-5),"yyyy-mm-dd"))*100} -> #VALUE! | I34: {=((_xll.TR(Q34,"TR.PriceClose")-_xll.TR(Q34,"TR.PriceClose","SDate:"&TEXT(WORKDAY(TODAY(),-14),"yyyy-mm-dd")))/_xll.TR(Q34,"TR.PriceClose","SDate:"&TEXT(WORKDAY(TODAY(),-14),"yyyy-mm-dd")))*100} -> #VALUE! | J34: {=IFERROR(((_xll.TR(Q34,"TR.PriceClose")-_xll.TR(Q34,"TR.PriceClose","SDate:"&EDATE(TODAY(),-3)))/_xll.TR(Q34,"TR.PriceClose","SDate:"&EDATE(TODAY(),-3)))*100,"-")} -> - | K34: {=(_xll.TR(Q34,"TRDPRC_1")-_xll.TR(Q34,"TR.PriceClose","SDate:"&TEXT(WORKDAY(TODAY(),-260),"yyyy-mm-dd")))/_xll.TR(Q34,"TR.PriceClose","SDate:"&TEXT(WORKDAY(TODAY(),-260),"yyyy-mm-dd"))*100} -> #VALUE! | L34: {=(_xll.TR(T34,"CF_CLOSE")-_xll.TR(T34,"CF_CLOSE","SDate:"&TEXT(WORKDAY(TODAY(),-5),"yyyy-mm-dd")))/_xll.TR(T34,"CF_CLOSE","SDate:"&TEXT(WORKDAY(TODAY(),-5),"yyyy-mm-dd"))} -> 0 | M34: {=_xll.TR(T34,"TR.MIDPRICE","SDate:"&TEXT(WORKDAY(TODAY(),-14),"yyyy-mm-dd"))} -> 44.3826 | N34: {=-_xll.TR(T34,"PCTCHG_3M")} -> -2.12 | O34: {=-_xll.TR(T34,"PCTCHG_YTD")} -> -6.73 | P34: UAGV5YUSAC=R | Q34: .PFTS | T34: UAH= | U34: {=_xll.TR(T34,"BID")} -> 44.8807 | V34: {=_xll.TR(T34,"CF_CLOSE","SDate:"&TEXT(WORKDAY(TODAY(),-5),"yyyy-mm-dd"))} -> 44.8162
A35: Asia/Pacific
A36: Australia | C36: ='CDS from CapitalIQ'!C31 -> 14.6816 | D36: ='CDS from CapitalIQ'!T31 -> 0.5209 | E36: ='CDS from CapitalIQ'!V31 -> 0.7744 | F36: ='CDS from CapitalIQ'!W31 -> 0.4266 | G36: ='CDS from CapitalIQ'!X31 -> 3.9989 | H36: {=(_xll.TR(Q36,"TR.PriceClose")-_xll.TR(Q36,"TR.PriceClose","SDate:"&TEXT(WORKDAY(TODAY(),-5),"yyyy-mm-dd")))/_xll.TR(Q36,"TR.PriceClose","SDate:"&TEXT(WORKDAY(TODAY(),-5),"yyyy-mm-dd"))*100} -> 1.1682004 | I36: {=((_xll.TR(Q36,"TR.PriceClose")-_xll.TR(Q36,"TR.PriceClose","SDate:"&TEXT(WORKDAY(TODAY(),-14),"yyyy-mm-dd")))/_xll.TR(Q36,"TR.PriceClose","SDate:"&TEXT(WORKDAY(TODAY(),-14),"yyyy-mm-dd")))*100} -> 1.0234101 | J36: {=(_xll.TR(Q36,"TRDPRC_1")-_xll.TR(Q36,"TR.PriceClose","SDate:"&TEXT(WORKDAY(TODAY(),-65),"yyyy-mm-dd")))/_xll.TR(Q36,"TR.PriceClose","SDate:"&TEXT(WORKDAY(TODAY(),-65),"yyyy-mm-dd"))*100} -> 1.4555576 | K36: {=(_xll.TR(Q36,"TR.PriceClose")-_xll.TR(Q36,"TR.PriceClose","SDate:"&TEXT(WORKDAY(TODAY(),-260),"yyyy-mm-dd")))/_xll.TR(Q36,"TR.PriceClose","SDate:"&TEXT(WORKDAY(TODAY(),-260),"yyyy-mm-dd"))*100} -> 2.2569185 | L36: {=_xll.TR(T36,"TR.MIDPRICE","SDate:"&TEXT(WORKDAY(TODAY(),-5),"yyyy-mm-dd"))} -> 0.6997 | M36: {=_xll.TR(T36,"TR.MIDPRICE","SDate:"&TEXT(WORKDAY(TODAY(),-14),"yyyy-mm-dd"))} -> 0.69285 | N36: {=-_xll.TR(T36,"PCTCHG_3M")} -> 2.15 | O36: {=-_xll.TR(T36,"PCTCHG_YTD")} -> -4.83 | P36: AUGV5YUSAC=R | Q36: .AXJO | R36: {=_xll.TR(Q36,"TR.PriceClose")} -> 8894 | S36: {=_xll.TR(Q36,"TR.PriceClose","SDate:"&TEXT(WORKDAY(TODAY(),-5),"yyyy-mm-dd"))} -> 8791.3 | T36: AUD= | U36: {=_xll.TR(T36,"BID")} -> 0.6994 | V36: {=_xll.TR(T36,"CF_CLOSE","SDate:"&TEXT(WORKDAY(TODAY(),-5),"yyyy-mm-dd"))} -> 0.6979
A37: China | C37: ='CDS from CapitalIQ'!C32 -> 38.5462 | D37: ='CDS from CapitalIQ'!T32 -> 0.8047 | E37: ='CDS from CapitalIQ'!V32 -> 1.1473 | F37: ='CDS from CapitalIQ'!W32 -> -5.5455 | G37: ='CDS from CapitalIQ'!X32 -> -2.3336 | H37: {=(_xll.TR(Q37,"TR.PriceClose")-_xll.TR(Q37,"TR.PriceClose","SDate:"&TEXT(WORKDAY(TODAY(),-5),"yyyy-mm-dd")))/_xll.TR(Q37,"TR.PriceClose","SDate:"&TEXT(WORKDAY(TODAY(),-5),"yyyy-mm-dd"))*100} -> 1.6322183 | I37: {=((_xll.TR(Q37,"TR.PriceClose")-_xll.TR(Q37,"TR.PriceClose","SDate:"&TEXT(WORKDAY(TODAY(),-14),"yyyy-mm-dd")))/_xll.TR(Q37,"TR.PriceClose","SDate:"&TEXT(WORKDAY(TODAY(),-14),"yyyy-mm-dd")))*100} -> -3.3078325 | J37: {=(_xll.TR(Q37,"TRDPRC_1")-_xll.TR(Q37,"TR.PriceClose","SDate:"&TEXT(WORKDAY(TODAY(),-65),"yyyy-mm-dd")))/_xll.TR(Q37,"TR.PriceClose","SDate:"&TEXT(WORKDAY(TODAY(),-65),"yyyy-mm-dd"))*100} -> -5.581987 | K37: {=(_xll.TR(Q37,"TR.PriceClose")-_xll.TR(Q37,"TR.PriceClose","SDate:"&TEXT(WORKDAY(TODAY(),-260),"yyyy-mm-dd")))/_xll.TR(Q37,"TR.PriceClose","SDate:"&TEXT(WORKDAY(TODAY(),-260),"yyyy-mm-dd"))*100} -> 7.2349268 | L37: {=_xll.TR(T37,"TR.MIDPRICE","SDate:"&TEXT(WORKDAY(TODAY(),-5),"yyyy-mm-dd"))} -> 6.76695 | M37: {=_xll.TR(T37,"TR.MIDPRICE","SDate:"&TEXT(WORKDAY(TODAY(),-14),"yyyy-mm-dd"))} -> 6.79415 | N37: {=-_xll.TR(T37,"PCTCHG_3M")} -> 1.03 | O37: {=-_xll.TR(T37,"PCTCHG_YTD")} -> 3.25 | P37: CNGV5YUSAC=R | Q37: .SSEC | R37: {=_xll.TR(Q37,"TR.PriceClose")} -> 3858.245 | S37: {=_xll.TR(Q37,"TR.PriceClose","SDate:"&TEXT(WORKDAY(TODAY(),-5),"yyyy-mm-dd"))} -> 3796.2814 | T37: CNY= | U37: {=_xll.TR(T37,"BID")} -> 6.7657 | V37: {=_xll.TR(T37,"CF_CLOSE","SDate:"&TEXT(WORKDAY(TODAY(),-5),"yyyy-mm-dd"))} -> 6.7719
A38: Hong Kong | C38: ='CDS from CapitalIQ'!C33 -> 24.8871 | D38: ='CDS from CapitalIQ'!T33 -> -0.0224 | E38: ='CDS from CapitalIQ'!V33 -> 0.0091 | F38: ='CDS from CapitalIQ'!W33 -> -1.1213 | G38: ='CDS from CapitalIQ'!X33 -> -8.6807 | H38: {=(_xll.TR(Q38,"TR.PriceClose")-_xll.TR(Q38,"TR.PriceClose","SDate:"&TEXT(WORKDAY(TODAY(),-5),"yyyy-mm-dd")))/_xll.TR(Q38,"TR.PriceClose","SDate:"&TEXT(WORKDAY(TODAY(),-5),"yyyy-mm-dd"))*100} -> 0.25506054 | I38: {=((_xll.TR(Q38,"TR.PriceClose")-_xll.TR(Q38,"TR.PriceClose","SDate:"&TEXT(WORKDAY(TODAY(),-14),"yyyy-mm-dd")))/_xll.TR(Q38,"TR.PriceClose","SDate:"&TEXT(WORKDAY(TODAY(),-14),"yyyy-mm-dd")))*100} -> 7.2787931 | J38: {=(_xll.TR(Q38,"TRDPRC_1")-_xll.TR(Q38,"TR.PriceClose","SDate:"&TEXT(WORKDAY(TODAY(),-65),"yyyy-mm-dd")))/_xll.TR(Q38,"TR.PriceClose","SDate:"&TEXT(WORKDAY(TODAY(),-65),"yyyy-mm-dd"))*100} -> -2.7712709 | K38: {=(_xll.TR(Q38,"TR.PriceClose")-_xll.TR(Q38,"TR.PriceClose","SDate:"&TEXT(WORKDAY(TODAY(),-260),"yyyy-mm-dd")))/_xll.TR(Q38,"TR.PriceClose","SDate:"&TEXT(WORKDAY(TODAY(),-260),"yyyy-mm-dd"))*100} -> -1.3885776 | L38: {=_xll.TR(T38,"TR.MIDPRICE","SDate:"&TEXT(WORKDAY(TODAY(),-5),"yyyy-mm-dd"))} -> 7.8411 | M38: {=_xll.TR(T38,"TR.MIDPRICE","SDate:"&TEXT(WORKDAY(TODAY(),-14),"yyyy-mm-dd"))} -> 7.84175 | N38: {=-_xll.TR(T38,"PCTCHG_3M")} -> -0.09 | O38: {=-_xll.TR(T38,"PCTCHG_YTD")} -> -0.77 | P38: HKGV5YUSAC=R | Q38: .HSI | R38: {=_xll.TR(Q38,"TR.PriceClose")} -> 25207.18 | S38: {=_xll.TR(Q38,"TR.PriceClose","SDate:"&TEXT(WORKDAY(TODAY(),-5),"yyyy-mm-dd"))} -> 25143.05 | T38: HKD= | U38: {=_xll.TR(T38,"BID")} -> 7.8419 | V38: {=_xll.TR(T38,"CF_CLOSE","SDate:"&TEXT(WORKDAY(TODAY(),-5),"yyyy-mm-dd"))} -> 7.8417
A39: India | C39: ='CDS from CapitalIQ'!C34 -> 0 | D39: ='CDS from CapitalIQ'!T34 -> 0 | E39: ='CDS from CapitalIQ'!V34 -> 0 | F39: ='CDS from CapitalIQ'!W34 -> 0 | G39: ='CDS from CapitalIQ'!X34 -> -46.4865 | H39: {=(_xll.TR(Q39,"TR.PriceClose")-_xll.TR(Q39,"TR.PriceClose","SDate:"&TEXT(WORKDAY(TODAY(),-5),"yyyy-mm-dd")))/_xll.TR(Q39,"TR.PriceClose","SDate:"&TEXT(WORKDAY(TODAY(),-5),"yyyy-mm-dd"))*100} -> -1.1230944 | I39: {=((_xll.TR(Q39,"TR.PriceClose")-_xll.TR(Q39,"TR.PriceClose","SDate:"&TEXT(WORKDAY(TODAY(),-14),"yyyy-mm-dd")))/_xll.TR(Q39,"TR.PriceClose","SDate:"&TEXT(WORKDAY(TODAY(),-14),"yyyy-mm-dd")))*100} -> -1.7202963 | J39: {=(_xll.TR(Q39,"TRDPRC_1")-_xll.TR(Q39,"TR.PriceClose","SDate:"&TEXT(WORKDAY(TODAY(),-65),"yyyy-mm-dd")))/_xll.TR(Q39,"TR.PriceClose","SDate:"&TEXT(WORKDAY(TODAY(),-65),"yyyy-mm-dd"))*100} -> -0.60521091 | K39: {=(_xll.TR(Q39,"TR.PriceClose")-_xll.TR(Q39,"TR.PriceClose","SDate:"&TEXT(WORKDAY(TODAY(),-260),"yyyy-mm-dd")))/_xll.TR(Q39,"TR.PriceClose","SDate:"&TEXT(WORKDAY(TODAY(),-260),"yyyy-mm-dd"))*100} -> -5.0132141 | L39: {=_xll.TR(T39,"TR.MIDPRICE","SDate:"&TEXT(WORKDAY(TODAY(),-5),"yyyy-mm-dd"))} -> 96.45 | M39: {=_xll.TR(T39,"TR.MIDPRICE","SDate:"&TEXT(WORKDAY(TODAY(),-14),"yyyy-mm-dd"))} -> 94.97 | N39: {=-_xll.TR(T39,"PCTCHG_3M")} -> -1.77 | O39: {=-_xll.TR(T39,"PCTCHG_YTD")} -> -6.74 | P39: INGV5YUSAC=R | Q39: .BSESN | R39: {=_xll.TR(Q39,"TR.PriceClose")} -> 76835.78 | S39: {=_xll.TR(Q39,"TR.PriceClose","SDate:"&TEXT(WORKDAY(TODAY(),-5),"yyyy-mm-dd"))} -> 77708.52 | T39: INR= | U39: {=_xll.TR(T39,"BID")} -> 95.91 | V39: {=_xll.TR(T39,"CF_CLOSE","SDate:"&TEXT(WORKDAY(TODAY(),-5),"yyyy-mm-dd"))} -> 96.5625
A40: Japan | C40: ='CDS from CapitalIQ'!C35 -> 27.1123 | D40: ='CDS from CapitalIQ'!T35 -> 0.1926 | E40: ='CDS from CapitalIQ'!V35 -> 0.4332 | F40: ='CDS from CapitalIQ'!W35 -> -0.046 | G40: ='CDS from CapitalIQ'!X35 -> 6.0413 | H40: {=(_xll.TR(Q40,"TR.PriceClose")-_xll.TR(Q40,"TR.PriceClose","SDate:"&TEXT(WORKDAY(TODAY(),-5),"yyyy-mm-dd")))/_xll.TR(Q40,"TR.PriceClose","SDate:"&TEXT(WORKDAY(TODAY(),-5),"yyyy-mm-dd"))*100} -> 1.2317683 | I40: {=((_xll.TR(Q40,"TR.PriceClose")-_xll.TR(Q40,"TR.PriceClose","SDate:"&TEXT(WORKDAY(TODAY(),-14),"yyyy-mm-dd")))/_xll.TR(Q40,"TR.PriceClose","SDate:"&TEXT(WORKDAY(TODAY(),-14),"yyyy-mm-dd")))*100} -> -4.8724262 | J40: {=IFERROR(((_xll.TR(Q40,"TR.PriceClose")-_xll.TR(Q40,"TR.PriceClose","SDate:"&EDATE(TODAY(),-3)))/_xll.TR(Q40,"TR.PriceClose","SDate:"&EDATE(TODAY(),-3)))*100,"-")} -> 7.2580469 | K40: {=(_xll.TR(Q40,"TR.PriceClose")-_xll.TR(Q40,"TR.PriceClose","SDate:"&TEXT(WORKDAY(TODAY(),-260),"yyyy-mm-dd")))/_xll.TR(Q40,"TR.PriceClose","SDate:"&TEXT(WORKDAY(TODAY(),-260),"yyyy-mm-dd"))*100} -> 58.375439 | L40: {=_xll.TR(T40,"TR.MIDPRICE","SDate:"&TEXT(WORKDAY(TODAY(),-5),"yyyy-mm-dd"))} -> 162.5 | M40: {=_xll.TR(T40,"TR.MIDPRICE","SDate:"&TEXT(WORKDAY(TODAY(),-14),"yyyy-mm-dd"))} -> 162.105 | N40: {=-_xll.TR(T40,"PCTCHG_3M")} -> -2.69 | O40: {=-_xll.TR(T40,"PCTCHG_YTD")} -> -4.47 | P40: JPGV5YUSAC=R | Q40: .N225 | R40: {=_xll.TR(Q40,"TR.PriceClose")} -> 64931.19 | S40: {=_xll.TR(Q40,"TR.PriceClose","SDate:"&TEXT(WORKDAY(TODAY(),-5),"yyyy-mm-dd"))} -> 64141.12 | T40: JPY= | U40: {=_xll.TR(T40,"BID")} -> 163.65 | V40: {=_xll.TR(T40,"CF_CLOSE","SDate:"&TEXT(WORKDAY(TODAY(),-5),"yyyy-mm-dd"))} -> 163.84
A41: Malaysia | C41: ='CDS from CapitalIQ'!C36 -> 38.1945 | D41: ='CDS from CapitalIQ'!T36 -> 1.3776 | E41: ='CDS from CapitalIQ'!V36 -> 1.3072 | F41: ='CDS from CapitalIQ'!W36 -> -0.0621 | G41: ='CDS from CapitalIQ'!X36 -> -2.2055 | H41: {=(_xll.TR(Q41,"TR.PriceClose")-_xll.TR(Q41,"TR.PriceClose","SDate:"&TEXT(WORKDAY(TODAY(),-5),"yyyy-mm-dd")))/_xll.TR(Q41,"TR.PriceClose","SDate:"&TEXT(WORKDAY(TODAY(),-5),"yyyy-mm-dd"))*100} -> -0.53417253 | I41: {=((_xll.TR(Q41,"TR.PriceClose")-_xll.TR(Q41,"TR.PriceClose","SDate:"&TEXT(WORKDAY(TODAY(),-14),"yyyy-mm-dd")))/_xll.TR(Q41,"TR.PriceClose","SDate:"&TEXT(WORKDAY(TODAY(),-14),"yyyy-mm-dd")))*100} -> 1.7921126 | J41: {=(_xll.TR(Q41,"TRDPRC_1")-_xll.TR(Q41,"TR.PriceClose","SDate:"&TEXT(WORKDAY(TODAY(),-65),"yyyy-mm-dd")))/_xll.TR(Q41,"TR.PriceClose","SDate:"&TEXT(WORKDAY(TODAY(),-65),"yyyy-mm-dd"))*100} -> -0.2434096 | K41: {=(_xll.TR(Q41,"TR.PriceClose")-_xll.TR(Q41,"TR.PriceClose","SDate:"&TEXT(WORKDAY(TODAY(),-260),"yyyy-mm-dd")))/_xll.TR(Q41,"TR.PriceClose","SDate:"&TEXT(WORKDAY(TODAY(),-260),"yyyy-mm-dd"))*100} -> 12.012057 | L41: {=_xll.TR(T41,"TR.MIDPRICE","SDate:"&TEXT(WORKDAY(TODAY(),-5),"yyyy-mm-dd"))} -> 4.0925 | M41: {=_xll.TR(T41,"TR.MIDPRICE","SDate:"&TEXT(WORKDAY(TODAY(),-14),"yyyy-mm-dd"))} -> 4.07 | N41: {=-_xll.TR(T41,"PCTCHG_3M")} -> -3.05 | O41: {=-_xll.TR(T41,"PCTCHG_YTD")} -> -0.67 | P41: MYGV5YUSAC=R | Q41: .KLSE | R41: {=_xll.TR(Q41,"TR.PriceClose")} -> 1713.09 | S41: {=_xll.TR(Q41,"TR.PriceClose","SDate:"&TEXT(WORKDAY(TODAY(),-5),"yyyy-mm-dd"))} -> 1722.29 | T41: MYR= | U41: {=_xll.TR(T41,"BID")} -> 4.083 | V41: {=_xll.TR(T41,"CF_CLOSE","SDate:"&TEXT(WORKDAY(TODAY(),-5),"yyyy-mm-dd"))} -> 4.088
A42: New Zealand | C42: ='CDS from CapitalIQ'!C37 -> 15.412 | D42: ='CDS from CapitalIQ'!T37 -> 0.378 | E42: ='CDS from CapitalIQ'!V37 -> 0.439 | F42: ='CDS from CapitalIQ'!W37 -> -0.7705 | G42: ='CDS from CapitalIQ'!X37 -> 1.5765 | H42: {=(_xll.TR(Q42,"TR.PriceClose")-_xll.TR(Q42,"TR.PriceClose","SDate:"&TEXT(WORKDAY(TODAY(),-5),"yyyy-mm-dd")))/_xll.TR(Q42,"TR.PriceClose","SDate:"&TEXT(WORKDAY(TODAY(),-5),"yyyy-mm-dd"))*100} -> 1.1292323 | I42: {=((_xll.TR(Q42,"TR.PriceClose")-_xll.TR(Q42,"TR.PriceClose","SDate:"&TEXT(WORKDAY(TODAY(),-14),"yyyy-mm-dd")))/_xll.TR(Q42,"TR.PriceClose","SDate:"&TEXT(WORKDAY(TODAY(),-14),"yyyy-mm-dd")))*100} -> 0.63867864 | J42: {=IFERROR(((_xll.TR(Q42,"TR.PriceClose")-_xll.TR(Q42,"TR.PriceClose","SDate:"&EDATE(TODAY(),-3)))/_xll.TR(Q42,"TR.PriceClose","SDate:"&EDATE(TODAY(),-3)))*100,"-")} -> 7.5786761 | K42: {=(_xll.TR(Q42,"TR.PriceClose")-_xll.TR(Q42,"TR.PriceClose","SDate:"&TEXT(WORKDAY(TODAY(),-260),"yyyy-mm-dd")))/_xll.TR(Q42,"TR.PriceClose","SDate:"&TEXT(WORKDAY(TODAY(),-260),"yyyy-mm-dd"))*100} -> 7.2803728 | L42: {=_xll.TR(T42,"TR.MIDPRICE","SDate:"&TEXT(WORKDAY(TODAY(),-5),"yyyy-mm-dd"))} -> 0.58385 | M42: {=_xll.TR(T42,"TR.MIDPRICE","SDate:"&TEXT(WORKDAY(TODAY(),-14),"yyyy-mm-dd"))} -> 0.56775 | N42: {=-_xll.TR(T42,"PCTCHG_3M")} -> 1.67 | O42: {=-_xll.TR(T42,"PCTCHG_YTD")} -> -0.42 | P42: NZGV5YUSAC=R | Q42: .NZ50 | R42: {=_xll.TR(Q42,"TR.PriceClose")} -> 13850.69 | S42: {=_xll.TR(Q42,"TR.PriceClose","SDate:"&TEXT(WORKDAY(TODAY(),-5),"yyyy-mm-dd"))} -> 13696.03 | T42: NZD= | U42: {=_xll.TR(T42,"BID")} -> 0.578 | V42: {=_xll.TR(T42,"CF_CLOSE","SDate:"&TEXT(WORKDAY(TODAY(),-5),"yyyy-mm-dd"))} -> 0.5787
A43: Russia | C43: ='CDS from CapitalIQ'!C38 -> 0 | D43: ='CDS from CapitalIQ'!T38 -> 0 | E43: ='CDS from CapitalIQ'!V38 -> 0 | F43: ='CDS from CapitalIQ'!W38 -> 0 | G43: ='CDS from CapitalIQ'!X38 -> 0 | H43: {=(_xll.TR(Q43,"TR.PriceClose")-_xll.TR(Q43,"TR.PriceClose","SDate:"&TEXT(WORKDAY(TODAY(),-5),"yyyy-mm-dd")))/_xll.TR(Q43,"TR.PriceClose","SDate:"&TEXT(WORKDAY(TODAY(),-5),"yyyy-mm-dd"))*100} -> 0 | I43: {=((_xll.TR(Q43,"TR.PriceClose")-_xll.TR(Q43,"TR.PriceClose","SDate:"&TEXT(WORKDAY(TODAY(),-14),"yyyy-mm-dd")))/_xll.TR(Q43,"TR.PriceClose","SDate:"&TEXT(WORKDAY(TODAY(),-14),"yyyy-mm-dd")))*100} -> 0 | J43: {=IFERROR(((_xll.TR(Q43,"TR.PriceClose")-_xll.TR(Q43,"TR.PriceClose","SDate:"&EDATE(TODAY(),-3)))/_xll.TR(Q43,"TR.PriceClose","SDate:"&EDATE(TODAY(),-3)))*100,"-")} -> 0 | K43: {=(_xll.TR(Q43,"TR.PriceClose")-_xll.TR(Q43,"TR.PriceClose","SDate:"&TEXT(WORKDAY(TODAY(),-260),"yyyy-mm-dd")))/_xll.TR(Q43,"TR.PriceClose","SDate:"&TEXT(WORKDAY(TODAY(),-260),"yyyy-mm-dd"))*100} -> 0 | L43: {=_xll.TR(T43,"TR.MIDPRICE","SDate:"&TEXT(WORKDAY(TODAY(),-5),"yyyy-mm-dd"))} -> 78.575 | M43: {=_xll.TR(T43,"TR.MIDPRICE","SDate:"&TEXT(WORKDAY(TODAY(),-14),"yyyy-mm-dd"))} -> 76.46 | N43: {=-_xll.TR(T43,"PCTCHG_3M")} -> -3.69 | O43: {=-_xll.TR(T43,"PCTCHG_YTD")} -> 0.92 | P43: RUGV5YUSAC=R | Q43: .IMOEX | R43: {=_xll.TR(Q43,"TR.PriceClose")} -> 3215.91 | S43: {=_xll.TR(Q43,"TR.PriceClose","SDate:"&TEXT(WORKDAY(TODAY(),-5),"yyyy-mm-dd"))} -> 3215.91 | T43: RUB= | U43: {=_xll.TR(T43,"BID")} -> 78.0205 | V43: {=_xll.TR(T43,"CF_CLOSE","SDate:"&TEXT(WORKDAY(TODAY(),-5),"yyyy-mm-dd"))} -> 77.6455
A44: Singapore | C44: ='CDS from CapitalIQ'!C39 -> 2.1521 | D44: ='CDS from CapitalIQ'!T39 -> -0.1813 | E44: ='CDS from CapitalIQ'!V39 -> -0.1813 | F44: ='CDS from CapitalIQ'!W39 -> -0.1813 | G44: ='CDS from CapitalIQ'!X39 -> -1.1205 | H44: {=(_xll.TR(Q44,"TR.PriceClose")-_xll.TR(Q44,"TR.PriceClose","SDate:"&TEXT(WORKDAY(TODAY(),-5),"yyyy-mm-dd")))/_xll.TR(Q44,"TR.PriceClose","SDate:"&TEXT(WORKDAY(TODAY(),-5),"yyyy-mm-dd"))*100} -> 2.2056938 | I44: {=((_xll.TR(Q44,"TR.PriceClose")-_xll.TR(Q44,"TR.PriceClose","SDate:"&TEXT(WORKDAY(TODAY(),-14),"yyyy-mm-dd")))/_xll.TR(Q44,"TR.PriceClose","SDate:"&TEXT(WORKDAY(TODAY(),-14),"yyyy-mm-dd")))*100} -> 5.2038096 | J44: {=(_xll.TR(Q44,"TRDPRC_1")-_xll.TR(Q44,"TR.PriceClose","SDate:"&TEXT(WORKDAY(TODAY(),-65),"yyyy-mm-dd")))/_xll.TR(Q44,"TR.PriceClose","SDate:"&TEXT(WORKDAY(TODAY(),-65),"yyyy-mm-dd"))*100} -> 14.869204 | K44: {=(_xll.TR(Q44,"TR.PriceClose")-_xll.TR(Q44,"TR.PriceClose","SDate:"&TEXT(WORKDAY(TODAY(),-260),"yyyy-mm-dd")))/_xll.TR(Q44,"TR.PriceClose","SDate:"&TEXT(WORKDAY(TODAY(),-260),"yyyy-mm-dd"))*100} -> 32.517201 | L44: {=_xll.TR(T44,"TR.MIDPRICE","SDate:"&TEXT(WORKDAY(TODAY(),-5),"yyyy-mm-dd"))} -> 1.29115 | M44: {=_xll.TR(T44,"TR.MIDPRICE","SDate:"&TEXT(WORKDAY(TODAY(),-14),"yyyy-mm-dd"))} -> 1.2927 | N44: {=-_xll.TR(T44,"PCTCHG_3M")} -> -1.18 | O44: {=-_xll.TR(T44,"PCTCHG_YTD")} -> -0.41 | P44: SGGV5YUSAC=R | Q44: .STI | R44: {=_xll.TR(Q44,"TR.PriceClose")} -> 5620.24 | S44: {=_xll.TR(Q44,"TR.PriceClose","SDate:"&TEXT(WORKDAY(TODAY(),-5),"yyyy-mm-dd"))} -> 5498.95 | T44: SGD= | U44: {=_xll.TR(T44,"BID")} -> 1.2908 | V44: {=_xll.TR(T44,"CF_CLOSE","SDate:"&TEXT(WORKDAY(TODAY(),-5),"yyyy-mm-dd"))} -> 1.2901
A45: South Korea | C45: ='CDS from CapitalIQ'!C40 -> 23.3251 | D45: ='CDS from CapitalIQ'!T40 -> 0.6363 | E45: ='CDS from CapitalIQ'!V40 -> 0.5517 | F45: ='CDS from CapitalIQ'!W40 -> -5.5124 | G45: ='CDS from CapitalIQ'!X40 -> 0.7508 | H45: {=(_xll.TR(Q45,"TR.PriceClose")-_xll.TR(Q45,"TR.PriceClose","SDate:"&TEXT(WORKDAY(TODAY(),-5),"yyyy-mm-dd")))/_xll.TR(Q45,"TR.PriceClose","SDate:"&TEXT(WORKDAY(TODAY(),-5),"yyyy-mm-dd"))*100} -> 3.6751086 | I45: {=((_xll.TR(Q45,"TR.PriceClose")-_xll.TR(Q45,"TR.PriceClose","SDate:"&TEXT(WORKDAY(TODAY(),-14),"yyyy-mm-dd")))/_xll.TR(Q45,"TR.PriceClose","SDate:"&TEXT(WORKDAY(TODAY(),-14),"yyyy-mm-dd")))*100} -> -11.762324 | J45: {=(_xll.TR(Q45,"TRDPRC_1")-_xll.TR(Q45,"TR.PriceClose","SDate:"&TEXT(WORKDAY(TODAY(),-65),"yyyy-mm-dd")))/_xll.TR(Q45,"TR.PriceClose","SDate:"&TEXT(WORKDAY(TODAY(),-65),"yyyy-mm-dd"))*100} -> 2.1272768 | K45: {=(_xll.TR(Q45,"TR.PriceClose")-_xll.TR(Q45,"TR.PriceClose","SDate:"&TEXT(WORKDAY(TODAY(),-260),"yyyy-mm-dd")))/_xll.TR(Q45,"TR.PriceClose","SDate:"&TEXT(WORKDAY(TODAY(),-260),"yyyy-mm-dd"))*100} -> 110.49098 | L45: {=_xll.TR(T45,"TR.MIDPRICE","SDate:"&TEXT(WORKDAY(TODAY(),-5),"yyyy-mm-dd"))} -> 1475.9 | M45: {=_xll.TR(T45,"TR.MIDPRICE","SDate:"&TEXT(WORKDAY(TODAY(),-14),"yyyy-mm-dd"))} -> 1514.09 | N45: {=-_xll.TR(T45,"PCTCHG_3M")} -> 0.67 | O45: {=-_xll.TR(T45,"PCTCHG_YTD")} -> -1.8 | P45: KRGV5YUSAC=R | Q45: .KS11 | R45: {=_xll.TR(Q45,"TR.PriceClose")} -> 6755.75 | S45: {=_xll.TR(Q45,"TR.PriceClose","SDate:"&TEXT(WORKDAY(TODAY(),-5),"yyyy-mm-dd"))} -> 6516.27 | T45: KRW= | U45: {=_xll.TR(T45,"BID")} -> 1466.41 | V45: {=_xll.TR(T45,"CF_CLOSE","SDate:"&TEXT(WORKDAY(TODAY(),-5),"yyyy-mm-dd"))} -> 1459.23
A46: Taiwan | C46: ='CDS from CapitalIQ'!C41 -> 0 | D46: ='CDS from CapitalIQ'!T41 -> 0 | E46: ='CDS from CapitalIQ'!V41 -> 0 | F46: ='CDS from CapitalIQ'!W41 -> 0 | G46: ='CDS from CapitalIQ'!X41 -> 0 | H46: {=(_xll.TR(Q46,"TR.PriceClose")-_xll.TR(Q46,"TR.PriceClose","SDate:"&TEXT(WORKDAY(TODAY(),-5),"yyyy-mm-dd")))/_xll.TR(Q46,"TR.PriceClose","SDate:"&TEXT(WORKDAY(TODAY(),-5),"yyyy-mm-dd"))*100} -> 2.7903377 | I46: {=((_xll.TR(Q46,"TR.PriceClose")-_xll.TR(Q46,"TR.PriceClose","SDate:"&TEXT(WORKDAY(TODAY(),-14),"yyyy-mm-dd")))/_xll.TR(Q46,"TR.PriceClose","SDate:"&TEXT(WORKDAY(TODAY(),-14),"yyyy-mm-dd")))*100} -> -4.0566317 | J46: {=(_xll.TR(Q46,"TRDPRC_1")-_xll.TR(Q46,"TR.PriceClose","SDate:"&TEXT(WORKDAY(TODAY(),-65),"yyyy-mm-dd")))/_xll.TR(Q46,"TR.PriceClose","SDate:"&TEXT(WORKDAY(TODAY(),-65),"yyyy-mm-dd"))*100} -> 10.141095 | K46: {=(_xll.TR(Q46,"TR.PriceClose")-_xll.TR(Q46,"TR.PriceClose","SDate:"&TEXT(WORKDAY(TODAY(),-260),"yyyy-mm-dd")))/_xll.TR(Q46,"TR.PriceClose","SDate:"&TEXT(WORKDAY(TODAY(),-260),"yyyy-mm-dd"))*100} -> 86.367519 | L46: {=_xll.TR(T46,"TR.MIDPRICE","SDate:"&TEXT(WORKDAY(TODAY(),-5),"yyyy-mm-dd"))} -> 32.295 | M46: {=_xll.TR(T46,"TR.MIDPRICE","SDate:"&TEXT(WORKDAY(TODAY(),-14),"yyyy-mm-dd"))} -> 32.131 | N46: {=-_xll.TR(T46,"PCTCHG_3M")} -> -2.68 | O46: {=-_xll.TR(T46,"PCTCHG_YTD")} -> -3.05 | P46: TWGV5YUSAC=R | Q46: .TWII | R46: {=_xll.TR(Q46,"TR.PriceClose")} -> 43634.19 | S46: {=_xll.TR(Q46,"TR.PriceClose","SDate:"&TEXT(WORKDAY(TODAY(),-5),"yyyy-mm-dd"))} -> 42449.7 | T46: TWD= | U46: {=_xll.TR(T46,"BID")} -> 32.29 | V46: {=_xll.TR(T46,"CF_CLOSE","SDate:"&TEXT(WORKDAY(TODAY(),-5),"yyyy-mm-dd"))} -> 32.322
A47: Thailand | C47: ='CDS from CapitalIQ'!C42 -> 44.3903 | D47: ='CDS from CapitalIQ'!T42 -> 1.3062 | E47: ='CDS from CapitalIQ'!V42 -> 3.0225 | F47: ='CDS from CapitalIQ'!W42 -> -7.6571 | G47: ='CDS from CapitalIQ'!X42 -> 3.2965 | H47: {=(_xll.TR(Q47,"TR.PriceClose")-_xll.TR(Q47,"TR.PriceClose","SDate:"&TEXT(WORKDAY(TODAY(),-5),"yyyy-mm-dd")))/_xll.TR(Q47,"TR.PriceClose","SDate:"&TEXT(WORKDAY(TODAY(),-5),"yyyy-mm-dd"))*100} -> -1.3080194 | I47: {=((_xll.TR(Q47,"TR.PriceClose")-_xll.TR(Q47,"TR.PriceClose","SDate:"&TEXT(WORKDAY(TODAY(),-14),"yyyy-mm-dd")))/_xll.TR(Q47,"TR.PriceClose","SDate:"&TEXT(WORKDAY(TODAY(),-14),"yyyy-mm-dd")))*100} -> 1.267977 | J47: {=(_xll.TR(Q47,"TRDPRC_1")-_xll.TR(Q47,"TR.PriceClose","SDate:"&TEXT(WORKDAY(TODAY(),-65),"yyyy-mm-dd")))/_xll.TR(Q47,"TR.PriceClose","SDate:"&TEXT(WORKDAY(TODAY(),-65),"yyyy-mm-dd"))*100} -> 9.8260464 | K47: {=(_xll.TR(Q47,"TR.PriceClose")-_xll.TR(Q47,"TR.PriceClose","SDate:"&TEXT(WORKDAY(TODAY(),-260),"yyyy-mm-dd")))/_xll.TR(Q47,"TR.PriceClose","SDate:"&TEXT(WORKDAY(TODAY(),-260),"yyyy-mm-dd"))*100} -> 33.465062 | L47: {=_xll.TR(T47,"TR.MIDPRICE","SDate:"&TEXT(WORKDAY(TODAY(),-5),"yyyy-mm-dd"))} -> 33.645 | M47: {=_xll.TR(T47,"TR.MIDPRICE","SDate:"&TEXT(WORKDAY(TODAY(),-14),"yyyy-mm-dd"))} -> 33.345 | N47: {=-_xll.TR(T47,"PCTCHG_3M")} -> -3.96 | O47: {=-_xll.TR(T47,"PCTCHG_YTD")} -> -6.73 | P47: THGV5YUSAC=R | Q47: .SETI | R47: {=_xll.TR(Q47,"TR.PriceClose")} -> 1624.47 | S47: {=_xll.TR(Q47,"TR.PriceClose","SDate:"&TEXT(WORKDAY(TODAY(),-5),"yyyy-mm-dd"))} -> 1646 | T47: THB= | U47: {=_xll.TR(T47,"BID")} -> 33.6 | V47: {=_xll.TR(T47,"CF_CLOSE","SDate:"&TEXT(WORKDAY(TODAY(),-5),"yyyy-mm-dd"))} -> 33.67
A48: Africa
A49: South Africa | C49: ='CDS from CapitalIQ'!C44 -> 134.4132 | D49: ='CDS from CapitalIQ'!T44 -> 4.8235 | E49: ='CDS from CapitalIQ'!V44 -> 10.0316 | F49: ='CDS from CapitalIQ'!W44 -> -20.1776 | G49: ='CDS from CapitalIQ'!X44 -> -51.3503 | H49: =(R49-S49)/S49*100 -> 0.42396375 | I49: {=((_xll.TR(Q49,"TR.PriceClose")-_xll.TR(Q49,"TR.PriceClose","SDate:"&TEXT(WORKDAY(TODAY(),-14),"yyyy-mm-dd")))/_xll.TR(Q49,"TR.PriceClose","SDate:"&TEXT(WORKDAY(TODAY(),-14),"yyyy-mm-dd")))*100} -> -0.84060387 | J49: {=(_xll.TR(Q49,"TRDPRC_1")-_xll.TR(Q49,"TR.PriceClose","SDate:"&TEXT(WORKDAY(TODAY(),-65),"yyyy-mm-dd")))/_xll.TR(Q49,"TR.PriceClose","SDate:"&TEXT(WORKDAY(TODAY(),-65),"yyyy-mm-dd"))*100} -> -5.5388121 | K49: {=(_xll.TR(Q49,"TRDPRC_1")-_xll.TR(Q49,"TR.PriceClose","SDate:"&TEXT(WORKDAY(TODAY(),-260),"yyyy-mm-dd")))/_xll.TR(Q49,"TR.PriceClose","SDate:"&TEXT(WORKDAY(TODAY(),-260),"yyyy-mm-dd"))*100} -> 11.563959 | L49: {=_xll.TR(T49,"TR.MIDPRICE","SDate:"&TEXT(WORKDAY(TODAY(),-5),"yyyy-mm-dd"))} -> 16.5284 | M49: {=_xll.TR(T49,"TR.MIDPRICE","SDate:"&TEXT(WORKDAY(TODAY(),-14),"yyyy-mm-dd"))} -> 16.29565 | N49: {=-_xll.TR(T49,"PCTCHG_3M")} -> -1.27 | O49: {=-_xll.TR(T49,"PCTCHG_YTD")} -> -1.02 | P49: ZAGV5YUSAC=R | Q49: .JALSH | R49: {=_xll.TR(Q49,"TR.PriceClose")} -> 109398.05 | S49: {=_xll.TR(Q49,"TR.PriceClose","SDate:"&TEXT(WORKDAY(TODAY(),-5),"yyyy-mm-dd"))} -> 108936.2 | T49: ZAR= | U49: {=_xll.TR(T49,"BID")} -> 16.7302 | V49: {=_xll.TR(T49,"CF_CLOSE","SDate:"&TEXT(WORKDAY(TODAY(),-5),"yyyy-mm-dd"))} -> 16.8248
A51: Data as of: 2026-06-05 | Source: LSEG Refinitiv

Sheet CDS from CapitalIQ
A1: Country | B1: CIQ Code
A2: Americas | C2: =TODAY() -> 46230 | D2: =TODAY() - 1 -> 46229 | E2: =TODAY() - 2 -> 46228 | F2: =TODAY() - 3 -> 46227 | G2: =TODAY() - 4 -> 46226 | H2: =TODAY() - 5 -> 46225 | I2: =TODAY() - 6 -> 46224 | J2: =TODAY() - 7 -> 46223 | K2: =TODAY() - 8 -> 46222 | L2: =TODAY() - 9 -> 46221 | M2: =TODAY() - 10 -> 46220 | N2: =TODAY() - 11 -> 46219 | O2: =TODAY() - 12 -> 46218 | P2: =TODAY() - 13 -> 46217 | Q2: =TODAY() - 14 -> 46216 | R2: =EDATE(TODAY(), -3) -> 46139 | S2: =EDATE(TODAY(), -12) -> 45865 | T2: 5 Day Change | U2: 10 day change | V2: 14 day change | W2: 3 month change | X2: 1 year change | Y2: Thresholds
A3: Brazil | B3: IQT46197138 | C3: =_xll.ciqfunctions.udf.CIQ($B3,"IQ_CDS_mid",C$2) -> 124.356 | D3: =_xll.ciqfunctions.udf.CIQ($B3,"IQ_CDS_mid",D$2) -> 124.356 | E3: =_xll.ciqfunctions.udf.CIQ($B3,"IQ_CDS_mid",E$2) -> 124.356 | F3: =_xll.ciqfunctions.udf.CIQ($B3,"IQ_CDS_mid",F$2) -> 124.356 | G3: =_xll.ciqfunctions.udf.CIQ($B3,"IQ_CDS_mid",G$2) -> 125.4399 | H3: =_xll.ciqfunctions.udf.CIQ($B3,"IQ_CDS_mid",H$2) -> 120.7394 | I3: =_xll.ciqfunctions.udf.CIQ($B3,"IQ_CDS_mid",I$2) -> 122.3779 | J3: =_xll.ciqfunctions.udf.CIQ($B3,"IQ_CDS_mid",J$2) -> 124.0304 | ... S3: =_xll.ciqfunctions.udf.CIQ($B3,"IQ_CDS_mid",S$2) -> 148.3878 | T3: =C3-H3 -> 3.6166 | U3: =C3-M3 -> -1.1172 | V3: =C3-Q3 -> -0.376 | W3: =C3-R3 -> 0.6491 | X3: =C3-S3 -> -24.0318 | Y3: CDS | Z3: CDS Change
A4: Canada | B4: IQT313310184 | C4: =_xll.ciqfunctions.udf.CIQ($B4,"IQ_CDS_mid",C$2) -> 11.034 | D4: =_xll.ciqfunctions.udf.CIQ($B4,"IQ_CDS_mid",D$2) -> 11.034 | E4: =_xll.ciqfunctions.udf.CIQ($B4,"IQ_CDS_mid",E$2) -> 11.034 | F4: =_xll.ciqfunctions.udf.CIQ($B4,"IQ_CDS_mid",F$2) -> 11.034 | G4: =_xll.ciqfunctions.udf.CIQ($B4,"IQ_CDS_mid",G$2) -> 10.9794 | H4: =_xll.ciqfunctions.udf.CIQ($B4,"IQ_CDS_mid",H$2) -> 11.0015 | I4: =_xll.ciqfunctions.udf.CIQ($B4,"IQ_CDS_mid",I$2) -> 10.9957 | J4: =_xll.ciqfunctions.udf.CIQ($B4,"IQ_CDS_mid",J$2) -> 11.045 | ... S4: =_xll.ciqfunctions.udf.CIQ($B4,"IQ_CDS_mid",S$2) -> 15.9732 | T4: =C4-H4 -> 0.0325 | U4: =C4-M4 -> -0.0647 | V4: =C4-Q4 -> -0.1668 | W4: =C4-R4 -> -1.3208 | X4: =C4-S4 -> -4.9392 | Y4: 150 | Z4: 10
A5: Mexico | B5: IQT46210560 | C5: =_xll.ciqfunctions.udf.CIQ($B5,"IQ_CDS_mid",C$2) -> 87.8011 | D5: =_xll.ciqfunctions.udf.CIQ($B5,"IQ_CDS_mid",D$2) -> 87.8011 | E5: =_xll.ciqfunctions.udf.CIQ($B5,"IQ_CDS_mid",E$2) -> 87.8011 | F5: =_xll.ciqfunctions.udf.CIQ($B5,"IQ_CDS_mid",F$2) -> 87.8011 | G5: =_xll.ciqfunctions.udf.CIQ($B5,"IQ_CDS_mid",G$2) -> 88.9404 | H5: =_xll.ciqfunctions.udf.CIQ($B5,"IQ_CDS_mid",H$2) -> 85.8747 | I5: =_xll.ciqfunctions.udf.CIQ($B5,"IQ_CDS_mid",I$2) -> 85.6577 | J5: =_xll.ciqfunctions.udf.CIQ($B5,"IQ_CDS_mid",J$2) -> 86.1217 | ... S5: =_xll.ciqfunctions.udf.CIQ($B5,"IQ_CDS_mid",S$2) -> 112.3982 | T5: =C5-H5 -> 1.9264 | U5: =C5-M5 -> 0.847 | V5: =C5-Q5 -> 1.9526 | W5: =C5-R5 -> -1.1426 | X5: =C5-S5 -> -24.5971
A6: United States | B6: IQT49751196 | C6: =_xll.ciqfunctions.udf.CIQ($B6,"IQ_CDS_mid",C$2) -> 40.5706 | D6: =_xll.ciqfunctions.udf.CIQ($B6,"IQ_CDS_mid",D$2) -> 40.5706 | E6: =_xll.ciqfunctions.udf.CIQ($B6,"IQ_CDS_mid",E$2) -> 40.5706 | F6: =_xll.ciqfunctions.udf.CIQ($B6,"IQ_CDS_mid",F$2) -> 40.5706 | G6: =_xll.ciqfunctions.udf.CIQ($B6,"IQ_CDS_mid",G$2) -> 40.75 | H6: =_xll.ciqfunctions.udf.CIQ($B6,"IQ_CDS_mid",H$2) -> 41.1952 | I6: =_xll.ciqfunctions.udf.CIQ($B6,"IQ_CDS_mid",I$2) -> 41.3333 | J6: =_xll.ciqfunctions.udf.CIQ($B6,"IQ_CDS_mid",J$2) -> 41.5 | ... S6: =_xll.ciqfunctions.udf.CIQ($B6,"IQ_CDS_mid",S$2) -> 40.247 | T6: =C6-H6 -> -0.6246 | U6: =C6-M6 -> -1.2627 | V6: =C6-Q6 -> -1.1794 | W6: =C6-R6 -> 1.9358 | X6: =C6-S6 -> 0.3236
A7: Euro Area | X7: =C7-S7 -> 0
A8: Austria | B8: IQT46194995 | C8: =_xll.ciqfunctions.udf.CIQ($B8,"IQ_CDS_mid",C$2) -> 11.1824 | D8: =_xll.ciqfunctions.udf.CIQ($B8,"IQ_CDS_mid",D$2) -> 11.1824 | E8: =_xll.ciqfunctions.udf.CIQ($B8,"IQ_CDS_mid",E$2) -> 11.1824 | F8: =_xll.ciqfunctions.udf.CIQ($B8,"IQ_CDS_mid",F$2) -> 11.1824 | G8: =_xll.ciqfunctions.udf.CIQ($B8,"IQ_CDS_mid",G$2) -> 11.162 | H8: =_xll.ciqfunctions.udf.CIQ($B8,"IQ_CDS_mid",H$2) -> 11.0598 | I8: =_xll.ciqfunctions.udf.CIQ($B8,"IQ_CDS_mid",I$2) -> 11.049 | J8: =_xll.ciqfunctions.udf.CIQ($B8,"IQ_CDS_mid",J$2) -> 10.995 | ... S8: =_xll.ciqfunctions.udf.CIQ($B8,"IQ_CDS_mid",S$2) -> 15 | T8: =C8-H8 -> 0.1226 | U8: =C8-M8 -> 0.2024 | V8: =C8-Q8 -> 0.1826 | W8: =C8-R8 -> -2.0051 | X8: =C8-S8 -> -3.8176
A9: Belgium | B9: IQT46196225 | C9: =_xll.ciqfunctions.udf.CIQ($B9,"IQ_CDS_mid",C$2) -> 17.5524 | D9: =_xll.ciqfunctions.udf.CIQ($B9,"IQ_CDS_mid",D$2) -> 17.5524 | E9: =_xll.ciqfunctions.udf.CIQ($B9,"IQ_CDS_mid",E$2) -> 17.5524 | F9: =_xll.ciqfunctions.udf.CIQ($B9,"IQ_CDS_mid",F$2) -> 17.5524 | G9: =_xll.ciqfunctions.udf.CIQ($B9,"IQ_CDS_mid",G$2) -> 17.375 | H9: =_xll.ciqfunctions.udf.CIQ($B9,"IQ_CDS_mid",H$2) -> 17.375 | I9: =_xll.ciqfunctions.udf.CIQ($B9,"IQ_CDS_mid",I$2) -> 17.375 | J9: =_xll.ciqfunctions.udf.CIQ($B9,"IQ_CDS_mid",J$2) -> 17.375 | ... S9: =_xll.ciqfunctions.udf.CIQ($B9,"IQ_CDS_mid",S$2) -> 22.6667 | T9: =C9-H9 -> 0.1774 | U9: =C9-M9 -> 0.1774 | V9: =C9-Q9 -> 0.2191 | W9: =C9-R9 -> -0.3851 | X9: =C9-S9 -> -5.1143
A10: Finland | B10: IQT46203332 | C10: =_xll.ciqfunctions.udf.CIQ($B10,"IQ_CDS_mid",C$2) -> 10.8333 | D10: =_xll.ciqfunctions.udf.CIQ($B10,"IQ_CDS_mid",D$2) -> 10.8333 | E10: =_xll.ciqfunctions.udf.CIQ($B10,"IQ_CDS_mid",E$2) -> 10.8333 | F10: =_xll.ciqfunctions.udf.CIQ($B10,"IQ_CDS_mid",F$2) -> 10.8333 | G10: =_xll.ciqfunctions.udf.CIQ($B10,"IQ_CDS_mid",G$2) -> 10.8333 | H10: =_xll.ciqfunctions.udf.CIQ($B10,"IQ_CDS_mid",H$2) -> 11.1667 | I10: =_xll.ciqfunctions.udf.CIQ($B10,"IQ_CDS_mid",I$2) -> 11.1667 | J10: =_xll.ciqfunctions.udf.CIQ($B10,"IQ_CDS_mid",J$2) -> 11.1667 | ... S10: =_xll.ciqfunctions.udf.CIQ($B10,"IQ_CDS_mid",S$2) -> 15.4952 | T10: =C10-H10 -> -0.3334 | U10: =C10-M10 -> -0.3334 | V10: =C10-Q10 -> -0.5421 | W10: =C10-R10 -> -2 | X10: =C10-S10 -> -4.6619
A11: France | B11: IQT46203714 | C11: =_xll.ciqfunctions.udf.CIQ($B11,"IQ_CDS_mid",C$2) -> 31.7563 | D11: =_xll.ciqfunctions.udf.CIQ($B11,"IQ_CDS_mid",D$2) -> 31.7563 | E11: =_xll.ciqfunctions.udf.CIQ($B11,"IQ_CDS_mid",E$2) -> 31.7563 | F11: =_xll.ciqfunctions.udf.CIQ($B11,"IQ_CDS_mid",F$2) -> 31.7563 | G11: =_xll.ciqfunctions.udf.CIQ($B11,"IQ_CDS_mid",G$2) -> 31.6104 | H11: =_xll.ciqfunctions.udf.CIQ($B11,"IQ_CDS_mid",H$2) -> 31.41 | I11: =_xll.ciqfunctions.udf.CIQ($B11,"IQ_CDS_mid",I$2) -> 31.45 | J11: =_xll.ciqfunctions.udf.CIQ($B11,"IQ_CDS_mid",J$2) -> 31.45 | ... S11: =_xll.ciqfunctions.udf.CIQ($B11,"IQ_CDS_mid",S$2) -> 32.1781 | T11: =C11-H11 -> 0.3463 | U11: =C11-M11 -> 0.3063 | V11: =C11-Q11 -> 0.8982 | W11: =C11-R11 -> 3.9086 | X11: =C11-S11 -> -0.4218
A12: Germany | B12: IQT46204300 | C12: =_xll.ciqfunctions.udf.CIQ($B12,"IQ_CDS_mid",C$2) -> 7.0261 | D12: =_xll.ciqfunctions.udf.CIQ($B12,"IQ_CDS_mid",D$2) -> 7.0261 | E12: =_xll.ciqfunctions.udf.CIQ($B12,"IQ_CDS_mid",E$2) -> 7.0261 | F12: =_xll.ciqfunctions.udf.CIQ($B12,"IQ_CDS_mid",F$2) -> 7.0261 | G12: =_xll.ciqfunctions.udf.CIQ($B12,"IQ_CDS_mid",G$2) -> 7.1042 | H12: =_xll.ciqfunctions.udf.CIQ($B12,"IQ_CDS_mid",H$2) -> 7.0212 | I12: =_xll.ciqfunctions.udf.CIQ($B12,"IQ_CDS_mid",I$2) -> 7.12 | J12: =_xll.ciqfunctions.udf.CIQ($B12,"IQ_CDS_mid",J$2) -> 7.1002 | ... S12: =_xll.ciqfunctions.udf.CIQ($B12,"IQ_CDS_mid",S$2) -> 8.3333 | T12: =C12-H12 -> 0.0049 | U12: =C12-M12 -> -0.0748 | V12: =C12-Q12 -> 0.0256 | W12: =C12-R12 -> -2.0403 | X12: =C12-S12 -> -1.3072
A13: Greece | B13: IQT46204884 | C13: =_xll.ciqfunctions.udf.CIQ($B13,"IQ_CDS_mid",C$2) -> 29.8333 | D13: =_xll.ciqfunctions.udf.CIQ($B13,"IQ_CDS_mid",D$2) -> 29.8333 | E13: =_xll.ciqfunctions.udf.CIQ($B13,"IQ_CDS_mid",E$2) -> 29.8333 | F13: =_xll.ciqfunctions.udf.CIQ($B13,"IQ_CDS_mid",F$2) -> 29.8333 | G13: =_xll.ciqfunctions.udf.CIQ($B13,"IQ_CDS_mid",G$2) -> 29.75 | H13: =_xll.ciqfunctions.udf.CIQ($B13,"IQ_CDS_mid",H$2) -> 29.5 | I13: =_xll.ciqfunctions.udf.CIQ($B13,"IQ_CDS_mid",I$2) -> 29.625 | J13: =_xll.ciqfunctions.udf.CIQ($B13,"IQ_CDS_mid",J$2) -> 29.625 | ... S13: =_xll.ciqfunctions.udf.CIQ($B13,"IQ_CDS_mid",S$2) -> 42.4058 | T13: =C13-H13 -> 0.3333 | U13: =C13-M13 -> 0.2083 | V13: =C13-Q13 -> 0.6506 | W13: =C13-R13 -> -1.33 | X13: =C13-S13 -> -12.5725
A14: Ireland | B14: IQT46207308 | C14: =_xll.ciqfunctions.udf.CIQ($B14,"IQ_CDS_mid",C$2) -> 14.5625 | D14: =_xll.ciqfunctions.udf.CIQ($B14,"IQ_CDS_mid",D$2) -> 14.5625 | E14: =_xll.ciqfunctions.udf.CIQ($B14,"IQ_CDS_mid",E$2) -> 14.5625 | F14: =_xll.ciqfunctions.udf.CIQ($B14,"IQ_CDS_mid",F$2) -> 14.5625 | G14: =_xll.ciqfunctions.udf.CIQ($B14,"IQ_CDS_mid",G$2) -> 14.5625 | H14: =_xll.ciqfunctions.udf.CIQ($B14,"IQ_CDS_mid",H$2) -> 14.5625 | I14: =_xll.ciqfunctions.udf.CIQ($B14,"IQ_CDS_mid",I$2) -> 14.5625 | J14: =_xll.ciqfunctions.udf.CIQ($B14,"IQ_CDS_mid",J$2) -> 14.5 | ... S14: =_xll.ciqfunctions.udf.CIQ($B14,"IQ_CDS_mid",S$2) -> 17.6667 | T14: =C14-H14 -> 0 | U14: =C14-M14 -> 0 | V14: =C14-Q14 -> 0.2292 | W14: =C14-R14 -> -1.1875 | X14: =C14-S14 -> -3.1042
A15: Italy | B15: IQT46207571 | C15: =_xll.ciqfunctions.udf.CIQ($B15,"IQ_CDS_mid",C$2) -> 30.5 | D15: =_xll.ciqfunctions.udf.CIQ($B15,"IQ_CDS_mid",D$2) -> 30.5 | E15: =_xll.ciqfunctions.udf.CIQ($B15,"IQ_CDS_mid",E$2) -> 30.5 | F15: =_xll.ciqfunctions.udf.CIQ($B15,"IQ_CDS_mid",F$2) -> 30.5 | G15: =_xll.ciqfunctions.udf.CIQ($B15,"IQ_CDS_mid",G$2) -> 30.4897 | H15: =_xll.ciqfunctions.udf.CIQ($B15,"IQ_CDS_mid",H$2) -> 30.35 | I15: =_xll.ciqfunctions.udf.CIQ($B15,"IQ_CDS_mid",I$2) -> 30.0018 | J15: =_xll.ciqfunctions.udf.CIQ($B15,"IQ_CDS_mid",J$2) -> 30.3 | ... S15: =_xll.ciqfunctions.udf.CIQ($B15,"IQ_CDS_mid",S$2) -> 39.6515 | T15: =C15-H15 -> 0.15 | U15: =C15-M15 -> 0.2083 | V15: =C15-Q15 -> 1.3473 | W15: =C15-R15 -> -0.835 | X15: =C15-S15 -> -9.1515
A16: Luxembourg | B16: IQT644701797 | C16: =_xll.ciqfunctions.udf.CIQ($B16,"IQ_CDS_mid",C$2) -> 9.7628 | D16: =_xll.ciqfunctions.udf.CIQ($B16,"IQ_CDS_mid",D$2) -> 9.7628 | E16: =_xll.ciqfunctions.udf.CIQ($B16,"IQ_CDS_mid",E$2) -> 9.7628 | F16: =_xll.ciqfunctions.udf.CIQ($B16,"IQ_CDS_mid",F$2) -> 9.7628 | G16: =_xll.ciqfunctions.udf.CIQ($B16,"IQ_CDS_mid",G$2) -> 10.2938 | H16: =_xll.ciqfunctions.udf.CIQ($B16,"IQ_CDS_mid",H$2) -> 10.2094 | I16: =_xll.ciqfunctions.udf.CIQ($B16,"IQ_CDS_mid",I$2) -> 10.3324 | J16: =_xll.ciqfunctions.udf.CIQ($B16,"IQ_CDS_mid",J$2) -> 10.5073 | ... S16: =_xll.ciqfunctions.udf.CIQ($B16,"IQ_CDS_mid",S$2) -> 15.2186 | T16: =C16-H16 -> -0.4466 | U16: =C16-M16 -> -0.6189 | V16: =C16-Q16 -> -0.234 | W16: =C16-R16 -> -0.1665 | X16: =C16-S16 -> -5.4558
A17: Netherlands | B17: IQT79640024 | C17: =_xll.ciqfunctions.udf.CIQ($B17,"IQ_CDS_mid",C$2) -> 7.8333 | D17: =_xll.ciqfunctions.udf.CIQ($B17,"IQ_CDS_mid",D$2) -> 7.8333 | E17: =_xll.ciqfunctions.udf.CIQ($B17,"IQ_CDS_mid",E$2) -> 7.8333 | F17: =_xll.ciqfunctions.udf.CIQ($B17,"IQ_CDS_mid",F$2) -> 7.8333 | G17: =_xll.ciqfunctions.udf.CIQ($B17,"IQ_CDS_mid",G$2) -> 7.8333 | H17: =_xll.ciqfunctions.udf.CIQ($B17,"IQ_CDS_mid",H$2) -> 7.8 | I17: =_xll.ciqfunctions.udf.CIQ($B17,"IQ_CDS_mid",I$2) -> 7.8333 | J17: =_xll.ciqfunctions.udf.CIQ($B17,"IQ_CDS_mid",J$2) -> 7.8333 | ... S17: =_xll.ciqfunctions.udf.CIQ($B17,"IQ_CDS_mid",S$2) -> 10.476 | T17: =C17-H17 -> 0.0333 | U17: =C17-M17 -> 0 | V17: =C17-Q17 -> 0.0333 | W17: =C17-R17 -> -1.0867 | X17: =C17-S17 -> -2.6427
A18: Portugal | B18: IQT46214954 | C18: =_xll.ciqfunctions.udf.CIQ($B18,"IQ_CDS_mid",C$2) -> 14.429 | D18: =_xll.ciqfunctions.udf.CIQ($B18,"IQ_CDS_mid",D$2) -> 14.429 | E18: =_xll.ciqfunctions.udf.CIQ($B18,"IQ_CDS_mid",E$2) -> 14.429 | F18: =_xll.ciqfunctions.udf.CIQ($B18,"IQ_CDS_mid",F$2) -> 14.429 | G18: =_xll.ciqfunctions.udf.CIQ($B18,"IQ_CDS_mid",G$2) -> 14.5 | H18: =_xll.ciqfunctions.udf.CIQ($B18,"IQ_CDS_mid",H$2) -> 14.375 | I18: =_xll.ciqfunctions.udf.CIQ($B18,"IQ_CDS_mid",I$2) -> 14.4 | J18: =_xll.ciqfunctions.udf.CIQ($B18,"IQ_CDS_mid",J$2) -> 14.4 | ... S18: =_xll.ciqfunctions.udf.CIQ($B18,"IQ_CDS_mid",S$2) -> 22.875 | T18: =C18-H18 -> 0.054 | U18: =C18-M18 -> 0.029 | V18: =C18-Q18 -> 0.179 | W18: =C18-R18 -> -1.986 | X18: =C18-S18 -> -8.446
A19: Slovenia | B19: IQT46218516 | C19: =_xll.ciqfunctions.udf.CIQ($B19,"IQ_CDS_mid",C$2) -> 35.378 | D19: =_xll.ciqfunctions.udf.CIQ($B19,"IQ_CDS_mid",D$2) -> 35.378 | E19: =_xll.ciqfunctions.udf.CIQ($B19,"IQ_CDS_mid",E$2) -> 35.378 | F19: =_xll.ciqfunctions.udf.CIQ($B19,"IQ_CDS_mid",F$2) -> 35.378 | G19: =_xll.ciqfunctions.udf.CIQ($B19,"IQ_CDS_mid",G$2) -> 34.8564 | H19: =_xll.ciqfunctions.udf.CIQ($B19,"IQ_CDS_mid",H$2) -> 35.1158 | I19: =_xll.ciqfunctions.udf.CIQ($B19,"IQ_CDS_mid",I$2) -> 35.2482 | J19: =_xll.ciqfunctions.udf.CIQ($B19,"IQ_CDS_mid",J$2) -> 35.9063 | ... S19: =_xll.ciqfunctions.udf.CIQ($B19,"IQ_CDS_mid",S$2) -> 33.4311 | T19: =C19-H19 -> 0.2622 | U19: =C19-M19 -> -0.0392 | V19: =C19-Q19 -> -0.7713 | W19: =C19-R19 -> -3.1783 | X19: =C19-S19 -> 1.9469
A20: Spain | B20: IQT46206779 | C20: =_xll.ciqfunctions.udf.CIQ($B20,"IQ_CDS_mid",C$2) -> 16.4726 | D20: =_xll.ciqfunctions.udf.CIQ($B20,"IQ_CDS_mid",D$2) -> 16.4726 | E20: =_xll.ciqfunctions.udf.CIQ($B20,"IQ_CDS_mid",E$2) -> 16.4726 | F20: =_xll.ciqfunctions.udf.CIQ($B20,"IQ_CDS_mid",F$2) -> 16.4726 | G20: =_xll.ciqfunctions.udf.CIQ($B20,"IQ_CDS_mid",G$2) -> 16.3333 | H20: =_xll.ciqfunctions.udf.CIQ($B20,"IQ_CDS_mid",H$2) -> 16.0199 | I20: =_xll.ciqfunctions.udf.CIQ($B20,"IQ_CDS_mid",I$2) -> 16.0625 | J20: =_xll.ciqfunctions.udf.CIQ($B20,"IQ_CDS_mid",J$2) -> 16.5 | ... S20: =_xll.ciqfunctions.udf.CIQ($B20,"IQ_CDS_mid",S$2) -> 27.0586 | T20: =C20-H20 -> 0.4527 | U20: =C20-M20 -> -0.0274 | V20: =C20-Q20 -> 0.452 | W20: =C20-R20 -> 0.0501 | X20: =C20-S20 -> -10.586
A21: Rest of Europe | X21: =C21-S21 -> 0
A22: United Kingdom | B22: IQT46262378 | C22: =_xll.ciqfunctions.udf.CIQ($B22,"IQ_CDS_mid",C$2) -> 18 | D22: =_xll.ciqfunctions.udf.CIQ($B22,"IQ_CDS_mid",D$2) -> 18 | E22: =_xll.ciqfunctions.udf.CIQ($B22,"IQ_CDS_mid",E$2) -> 18 | F22: =_xll.ciqfunctions.udf.CIQ($B22,"IQ_CDS_mid",F$2) -> 18 | G22: =_xll.ciqfunctions.udf.CIQ($B22,"IQ_CDS_mid",G$2) -> 18.125 | H22: =_xll.ciqfunctions.udf.CIQ($B22,"IQ_CDS_mid",H$2) -> 18.125 | I22: =_xll.ciqfunctions.udf.CIQ($B22,"IQ_CDS_mid",I$2) -> 18.066 | J22: =_xll.ciqfunctions.udf.CIQ($B22,"IQ_CDS_mid",J$2) -> 18.125 | ... S22: =_xll.ciqfunctions.udf.CIQ($B22,"IQ_CDS_mid",S$2) -> 16.5 | T22: =C22-H22 -> -0.125 | U22: =C22-M22 -> -0.375 | V22: =C22-Q22 -> 0.1667 | W22: =C22-R22 -> -0.8333 | X22: =C22-S22 -> 1.5
A23: Czech Republic | B23: IQT46200276 | C23: =_xll.ciqfunctions.udf.CIQ($B23,"IQ_CDS_mid",C$2) -> 29.2563 | D23: =_xll.ciqfunctions.udf.CIQ($B23,"IQ_CDS_mid",D$2) -> 29.2563 | E23: =_xll.ciqfunctions.udf.CIQ($B23,"IQ_CDS_mid",E$2) -> 29.2563 | F23: =_xll.ciqfunctions.udf.CIQ($B23,"IQ_CDS_mid",F$2) -> 29.2563 | G23: =_xll.ciqfunctions.udf.CIQ($B23,"IQ_CDS_mid",G$2) -> 29.2574 | H23: =_xll.ciqfunctions.udf.CIQ($B23,"IQ_CDS_mid",H$2) -> 29.2729 | I23: =_xll.ciqfunctions.udf.CIQ($B23,"IQ_CDS_mid",I$2) -> 29.3493 | J23: =_xll.ciqfunctions.udf.CIQ($B23,"IQ_CDS_mid",J$2) -> 29.3665 | ... S23: =_xll.ciqfunctions.udf.CIQ($B23,"IQ_CDS_mid",S$2) -> 25.7453 | T23: =C23-H23 -> -0.0166 | U23: =C23-M23 -> -0.254 | V23: =C23-Q23 -> 0.287 | W23: =C23-R23 -> -0.2102 | X23: =C23-S23 -> 3.511
A24: Denmark | B24: IQT79639913 | C24: =_xll.ciqfunctions.udf.CIQ($B24,"IQ_CDS_mid",C$2) -> 7.9627 | D24: =_xll.ciqfunctions.udf.CIQ($B24,"IQ_CDS_mid",D$2) -> 7.9627 | E24: =_xll.ciqfunctions.udf.CIQ($B24,"IQ_CDS_mid",E$2) -> 7.9627 | F24: =_xll.ciqfunctions.udf.CIQ($B24,"IQ_CDS_mid",F$2) -> 7.9627 | G24: =_xll.ciqfunctions.udf.CIQ($B24,"IQ_CDS_mid",G$2) -> 8.125 | H24: =_xll.ciqfunctions.udf.CIQ($B24,"IQ_CDS_mid",H$2) -> 8.125 | I24: =_xll.ciqfunctions.udf.CIQ($B24,"IQ_CDS_mid",I$2) -> 8.125 | J24: =_xll.ciqfunctions.udf.CIQ($B24,"IQ_CDS_mid",J$2) -> 8.125 | ... S24: =_xll.ciqfunctions.udf.CIQ($B24,"IQ_CDS_mid",S$2) -> 8.7795 | T24: =C24-H24 -> -0.1623 | U24: =C24-M24 -> -0.1623 | V24: =C24-Q24 -> 0.05 | W24: =C24-R24 -> -1.0373 | X24: =C24-S24 -> -0.8168
A25: Norway | B25: IQT51023480 | C25: =_xll.ciqfunctions.udf.CIQ($B25,"IQ_CDS_mid",C$2) -> 4.6885 | D25: =_xll.ciqfunctions.udf.CIQ($B25,"IQ_CDS_mid",D$2) -> 4.6885 | E25: =_xll.ciqfunctions.udf.CIQ($B25,"IQ_CDS_mid",E$2) -> 4.6885 | F25: =_xll.ciqfunctions.udf.CIQ($B25,"IQ_CDS_mid",F$2) -> 4.6885 | G25: =_xll.ciqfunctions.udf.CIQ($B25,"IQ_CDS_mid",G$2) -> 4.6837 | H25: =_xll.ciqfunctions.udf.CIQ($B25,"IQ_CDS_mid",H$2) -> 4.6852 | I25: =_xll.ciqfunctions.udf.CIQ($B25,"IQ_CDS_mid",I$2) -> 4.6846 | J25: =_xll.ciqfunctions.udf.CIQ($B25,"IQ_CDS_mid",J$2) -> 4.696 | ... S25: =_xll.ciqfunctions.udf.CIQ($B25,"IQ_CDS_mid",S$2) -> 7.8427 | T25: =C25-H25 -> 0.0033 | U25: =C25-M25 -> -0.0742 | V25: =C25-Q25 -> 0.1927 | W25: =C25-R25 -> -1.0319 | X25: =C25-S25 -> -3.1542
A26: Poland | B26: IQT46214879 | C26: =_xll.ciqfunctions.udf.CIQ($B26,"IQ_CDS_mid",C$2) -> 50.9221 | D26: =_xll.ciqfunctions.udf.CIQ($B26,"IQ_CDS_mid",D$2) -> 50.9221 | E26: =_xll.ciqfunctions.udf.CIQ($B26,"IQ_CDS_mid",E$2) -> 50.9221 | F26: =_xll.ciqfunctions.udf.CIQ($B26,"IQ_CDS_mid",F$2) -> 50.9221 | G26: =_xll.ciqfunctions.udf.CIQ($B26,"IQ_CDS_mid",G$2) -> 50.9402 | H26: =_xll.ciqfunctions.udf.CIQ($B26,"IQ_CDS_mid",H$2) -> 50.9275 | I26: =_xll.ciqfunctions.udf.CIQ($B26,"IQ_CDS_mid",I$2) -> 50.9407 | J26: =_xll.ciqfunctions.udf.CIQ($B26,"IQ_CDS_mid",J$2) -> 51.0584 | ... S26: =_xll.ciqfunctions.udf.CIQ($B26,"IQ_CDS_mid",S$2) -> 65.6099 | T26: =C26-H26 -> -0.0054 | U26: =C26-M26 -> 0.0087 | V26: =C26-Q26 -> 0.3641 | W26: =C26-R26 -> -1.1306 | X26: =C26-S26 -> -14.6878
